set names utf8;

DELETE FROM `gameobject_template` WHERE `entry` between '300001' AND '300011';
DELETE FROM `creature_template` WHERE `entry` between '300001' AND '300060';
DELETE FROM `creature` WHERE `id` between '300001' AND '300060';

REPLACE INTO `gameobject_template` (`entry`, `type`, `displayId`, `name`, `IconName`, `castBarCaption`, `unk1`, `faction`, `flags`, `size`, `questItem1`, `questItem2`, `questItem3`, `questItem4`, `questItem5`, `questItem6`, `data0`, `data1`, `data2`, `data3`, `data4`, `data5`, `data6`, `data7`, `data8`, `data9`, `data10`, `data11`, `data12`, `data13`, `data14`, `data15`, `data16`, `data17`, `data18`, `data19`, `data20`, `data21`, `data22`, `data23`, `mingold`, `maxgold`, `ScriptName`) VALUES 
(300001, 32, 7896, 'Barbershop Chair_GH', '', '', '', 35, 0, 1, 0, 0, 0, 0, 0, 0, 2, 0, 0, 0, 0, 0, 0, 0, 0, 0, 0, 0, 0, 0, 0, 0, 0, 0, 0, 0, 0, 0, 0, 0, 0, 0, ''),
(300002, 8, 8176, 'Runeforge_GH', '', '', '', 35, 32, 3.88303, 0, 0, 0, 0, 0, 0, 1552, 15, 0, 0, 0, 1, 0, 0, 0, 0, 0, 0, 0, 0, 0, 0, 0, 0, 0, 0, 0, 0, 0, 0, 0, 0, '');

REPLACE INTO `creature_template` (`entry`, `difficulty_entry_1`, `difficulty_entry_2`, `difficulty_entry_3`, `KillCredit1`, `KillCredit2`, `modelid_1`, `modelid_2`, `modelid_3`, `modelid_4`, `name`, `subname`, `IconName`, `gossip_menu_id`, `minlevel`, `maxlevel`, `minhealth`, `maxhealth`, `minmana`, `maxmana`, `armor`, `faction_A`, `faction_H`, `npcflag`, `speed_walk`, `speed_run`, `scale`, `rank`, `mindmg`, `maxdmg`, `dmgschool`, `attackpower`, `dmg_multiplier`, `baseattacktime`, `rangeattacktime`, `unit_class`, `unit_flags`, `dynamicflags`, `family`, `trainer_type`, `trainer_spell`, `trainer_class`, `trainer_race`, `minrangedmg`, `maxrangedmg`, `rangedattackpower`, `type`, `type_flags`, `lootid`, `pickpocketloot`, `skinloot`, `resistance1`, `resistance2`, `resistance3`, `resistance4`, `resistance5`, `resistance6`, `spell1`, `spell2`, `spell3`, `spell4`, `PetSpellDataId`, `mingold`, `maxgold`, `AIName`, `MovementType`, `InhabitType`, `unk16`, `unk17`, `RacialLeader`, `questItem1`, `questItem2`, `questItem3`, `questItem4`, `questItem5`, `questItem6`, `movementId`, `RegenHealth`, `equipment_id`, `trainer_id`, `vendor_id`, `mechanic_immune_mask`, `flags_extra`, `ScriptName`) VALUES
(300001, 0, 0, 0, 0, 0, 23536, 0, 23536, 0, 'Warlock Trainer', 'Warcraft.BY', '', 0, 100, 100, 10000, 10000, 10000, 10000, 1, 35, 35, 49, 1.15, 1.14286, 1.5, 1, 1200, 1620, 0, 1208, 1, 1600, 1760, 0, 0, 0, 0, 0, 0, 9, 0, 57.728, 79.376, 100, 7, 138936390, 0, 0, 0, 999, 999, 999, 999, 999, 999, 0, 0, 0, 0, 0, 1500, 1700, '', 0, 3, 1, 1, 0, 0, 0, 0, 0, 0, 0, 0, 1, 0, 0,  0, 0, 0, ''),
(300002, 0, 0, 0, 0, 0, 27168, 0, 27168, 0, 'Druid Trainer', 'Warcraft.BY', '', 0, 100, 100, 10000, 10000, 10000, 10000, 1, 35, 35, 49, 1.15, 1.14286, 1.5, 1, 1200, 1620, 0, 1208, 1, 1600, 1760, 0, 0, 0, 0, 0, 0, 11, 0, 57.728, 79.376, 100, 7, 138936390, 0, 0, 0, 999, 999, 999, 999, 999, 999, 0, 0, 0, 0, 0, 1500, 1700, '', 0, 3, 1, 1, 0, 0, 0, 0, 0, 0, 0, 0, 1, 0, 0,  0, 0, 0, ''),
(300003, 0, 0, 0, 0, 0, 21379, 0, 21379, 0, 'Hunter Trainer', 'Warcraft.BY', '', 0, 100, 100, 10000, 10000, 10000, 10000, 1, 35, 35, 49, 1.15, 1.14286, 1, 1, 1200, 1620, 0, 1208, 1, 1600, 1760, 0, 0, 0, 0, 0, 0, 3, 0, 57.728, 79.376, 100, 7, 138936390, 0, 0, 0, 999, 999, 999, 999, 999, 999, 0, 0, 0, 0, 0, 1500, 1700, '', 0, 3, 1, 1, 0, 0, 0, 0, 0, 0, 0, 0, 1, 0, 0,  0, 0, 0, ''),
(300004, 0, 0, 0, 0, 0, 23526, 0, 23526, 0, 'Warrior Trainer', 'Warcraft.BY', '', 0, 100, 100, 10000, 10000, 10000, 10000, 1, 35, 35, 49, 1.15, 1.14286, 1.5, 1, 1200, 1620, 0, 1208, 1, 1600, 1760, 0, 0, 0, 0, 0, 0, 1, 0, 57.728, 79.376, 100, 7, 138936390, 0, 0, 0, 999, 999, 999, 999, 999, 999, 0, 0, 0, 0, 0, 1500, 1700, '', 0, 3, 1, 1, 0, 0, 0, 0, 0, 0, 0, 0, 1, 0, 0,  0, 0, 0, ''),
(300005, 0, 0, 0, 0, 0, 21419, 0, 21419, 0, 'Priest Trainer', 'Warcraft.BY', '', 0, 100, 100, 10000, 10000, 10000, 10000, 1, 35, 35, 49, 1.15, 1.14286, 1, 1, 1200, 1620, 0, 1208, 1, 1600, 1760, 0, 0, 0, 0, 0, 0, 5, 0, 57.728, 79.376, 100, 7, 138936390, 0, 0, 0, 999, 999, 999, 999, 999, 999, 0, 0, 0, 0, 0, 1500, 1700, '', 0, 3, 1, 1, 0, 0, 0, 0, 0, 0, 0, 0, 1, 0, 0, 0, 0, 0, ''),
(300006, 0, 0, 0, 0, 0, 21417, 0, 21417, 0, 'Mage Trainer', 'Warcraft.BY', '', 0, 100, 100, 10000, 10000, 10000, 10000, 1, 35, 35, 49, 1.15, 1.14286, 1, 1, 1200, 1620, 0, 1208, 1, 1600, 1760, 0, 0, 0, 0, 0, 0, 8, 0, 57.728, 79.376, 100, 7, 138936390, 0, 0, 0, 999, 999, 999, 999, 999, 999, 0, 0, 0, 0, 0, 1500, 1700, '', 0, 3, 1, 1, 0, 0, 0, 0, 0, 0, 0, 0, 1, 0, 0, 0, 0, 0, ''),
(300007, 0, 0, 0, 0, 0, 29768, 0, 29768, 0, 'Shaman Trainer', 'Warcraft.BY', '', 0, 100, 100, 10000, 10000, 10000, 10000, 1, 35, 35, 49, 1.15, 1.14286, 1, 1, 1200, 1620, 0, 1208, 1, 1600, 1760, 0, 0, 0, 0, 0, 0, 7, 0, 57.728, 79.376, 100, 7, 138936390, 0, 0, 0, 999, 999, 999, 999, 999, 999, 0, 0, 0, 0, 0, 1500, 1700, '', 0, 3, 1, 1, 0, 0, 0, 0, 0, 0, 0, 0, 1, 0, 0, 0, 0, 0, ''),
(300008, 0, 0, 0, 0, 0, 21570, 0, 21570, 0, 'Rogue Trainer', 'Warcraft.BY', '', 0, 100, 100, 10000, 10000, 10000, 10000, 1, 35, 35, 49, 1.15, 1.14286, 1, 1, 1200, 1620, 0, 1208, 1, 1600, 1760, 0, 0, 0, 0, 0, 0, 4, 0, 57.728, 79.376, 100, 7, 138936390, 0, 0, 0, 999, 999, 999, 999, 999, 999, 0, 0, 0, 0, 0, 1500, 1700, '', 0, 3, 1, 1, 0, 0, 0, 0, 0, 0, 0, 0, 1, 0, 0, 0, 0, 0, ''),
(300009, 0, 0, 0, 0, 0, 21416, 0, 21416, 0, 'Paladin Trainer', 'Warcraft.BY', '', 0, 100, 100, 10000, 10000, 10000, 10000, 1, 35, 35, 49, 1.15, 1.14286, 1, 1, 1200, 1620, 0, 1208, 1, 1600, 1760, 0, 0, 0, 0, 0, 0, 2, 0, 57.728, 79.376, 100, 7, 138936390, 0, 0, 0, 999, 999, 999, 999, 999, 999, 0, 0, 0, 0, 0, 1500, 1700, '', 0, 3, 1, 1, 0, 0, 0, 0, 0, 0, 0, 0, 1, 0, 0, 0, 0, 0, ''),
(300010, 0, 0, 0, 0, 0, 23531, 0, 23531, 0, 'Death Knight Trainer', 'Warcraft.BY', '', 0, 100, 100, 10000, 10000, 10000, 10000, 1, 35, 35, 83, 1.15, 1.14286, 1.5, 1, 1200, 1620, 0, 1208, 1, 1600, 1760, 0, 0, 0, 0, 0, 0, 6, 0, 57.728, 79.376, 100, 7, 138936390, 0, 0, 0, 999, 999, 999, 999, 999, 999, 0, 0, 0, 0, 0, 1500, 1700, '', 0, 3, 1, 1, 0, 0, 0, 0, 0, 0, 0, 0, 1, 0, 0, 0, 0, 0, ''),
(300011, 0, 0, 0, 0, 0, 26373, 0, 26373, 0, 'Riding Trainer', 'Warcraft.BY', '', 0, 100, 100, 1000, 1000, 1000, 1000, 1, 35, 35, 80, 1.15, 1.14286, 1, 1, 1200, 1620, 0, 1208, 1, 1600, 1760, 0, 0, 0, 0, 1, 0, 0, 0, 57.728, 79.376, 100, 7, 138936390, 0, 0, 0, 999, 999, 999, 999, 999, 999, 0, 0, 0, 0, 0, 1500, 1700, '', 0, 3, 1, 1, 0, 0, 0, 0, 0, 0, 0, 0, 1, 0, 0, 0, 0, 0, '');

REPLACE INTO `creature_template` (`entry`, `difficulty_entry_1`, `difficulty_entry_2`, `difficulty_entry_3`, `KillCredit1`, `KillCredit2`, `modelid_1`, `modelid_2`, `modelid_3`, `modelid_4`, `name`, `subname`, `IconName`, `gossip_menu_id`, `minlevel`, `maxlevel`, `minhealth`, `maxhealth`, `minmana`, `maxmana`, `armor`, `faction_A`, `faction_H`, `npcflag`, `speed_walk`, `speed_run`, `scale`, `rank`, `mindmg`, `maxdmg`, `dmgschool`, `attackpower`, `dmg_multiplier`, `baseattacktime`, `rangeattacktime`, `unit_class`, `unit_flags`, `dynamicflags`, `family`, `trainer_type`, `trainer_spell`, `trainer_class`, `trainer_race`, `minrangedmg`, `maxrangedmg`, `rangedattackpower`, `type`, `type_flags`, `lootid`, `pickpocketloot`, `skinloot`, `resistance1`, `resistance2`, `resistance3`, `resistance4`, `resistance5`, `resistance6`, `spell1`, `spell2`, `spell3`, `spell4`, `PetSpellDataId`, `mingold`, `maxgold`, `AIName`, `MovementType`, `InhabitType`, `unk16`, `unk17`, `RacialLeader`, `questItem1`, `questItem2`, `questItem3`, `questItem4`, `questItem5`, `questItem6`, `movementId`, `RegenHealth`, `equipment_id`, `trainer_id`, `vendor_id`, `mechanic_immune_mask`, `flags_extra`, `ScriptName`) VALUES
(300012, 0, 0, 0, 0, 0, 15988, 0, 15988, 0, 'Products', 'Warcraft.BY', '', 0, 100, 100, 10000, 10000, 10000, 10000, 1, 35, 35, 4224, 1.15, 1.14286, 1, 1, 1200, 1620, 0, 1208, 1, 1600, 1760, 0, 386, 0, 0, 0, 0, 0, 0, 57.728, 79.376, 100, 7, 138936390, 0, 0, 0, 999, 999, 999, 999, 999, 999, 0, 0, 0, 0, 0, 1500, 1700, '', 0, 3, 1, 1, 0, 0, 0, 0, 0, 0, 0, 0, 1, 0, 0, 0, 2147483643, 2, ''),
(300013, 0, 0, 0, 0, 0, 15988, 0, 15988, 0, 'Poisons', 'Warcraft.BY', '', 0, 100, 100, 10000, 10000, 10000, 10000, 1, 35, 35, 4224, 1.15, 1.14286, 1, 1, 1200, 1620, 0, 1208, 1, 1600, 1760, 0, 386, 0, 0, 0, 0, 0, 0, 57.728, 79.376, 100, 7, 138936390, 0, 0, 0, 999, 999, 999, 999, 999, 999, 0, 0, 0, 0, 0, 1500, 1700, '', 0, 3, 1, 1, 0, 0, 0, 0, 0, 0, 0, 0, 1, 0, 0, 0, 2147483643, 2, ''),
(300014, 0, 0, 0, 0, 0, 31706, 0, 31706, 0, 'Guild House', 'Warcraft.BY', '', 0, 100, 100, 10000, 10000, 10000, 10000, 9405, 35, 35, 1, 1, 1.14286, 1.5, 3, 399, 559, 0, 550, 1, 2000, 0, 2, 386, 0, 0, 0, 0, 0, 0, 331, 491, 74, 7, 138936390, 0, 0, 0, 999, 999, 999, 999, 999, 999, 0, 0, 0, 0, 0, 0, 0, '', 0, 3, 1, 1, 0, 0, 0, 0, 0, 0, 0, 0, 1, 0, 0, 0, 2147483643, 2, 'guildhouse'),
(300015, 0, 0, 0, 0, 0, 7343, 0, 7343, 0, 'Banker', 'Warcraft.BY', '', 0, 100, 100, 10000, 10000, 10000, 10000, 2958, 35, 35, 131072, 1.2, 1.14286, 1, 0, 60, 90, 0, 22, 1, 1500, 1500, 1, 0, 0, 0, 0, 0, 0, 0, 48, 72, 18, 7, 138936390, 0, 0, 0, 0, 0, 0, 0, 0, 0, 0, 0, 0, 0, 0, 0, 0, '', 0, 3, 3, 1, 0, 0, 0, 0, 0, 0, 0, 0, 1, 0, 0, 0, 0, 2, ''),
(300016, 0, 0, 0, 0, 0, 7343, 0, 7343, 0, 'Auctioneer', 'Warcraft.BY', '', 0, 100, 100, 10000, 10000, 10000, 10000, 2958, 35, 35, 2097152, 1.2, 1.14286, 1, 0, 60, 90, 0, 22, 1, 1500, 1500, 1, 0, 0, 0, 0, 0, 0, 0, 48, 72, 18, 7, 138936390, 0, 0, 0, 0, 0, 0, 0, 0, 0, 0, 0, 0, 0, 0, 0, 0, '', 0, 3, 3, 1, 0, 0, 0, 0, 0, 0, 0, 0, 1, 0, 0, 0, 0, 2, '');

REPLACE INTO `creature_template` (`entry`, `difficulty_entry_1`, `difficulty_entry_2`, `difficulty_entry_3`, `KillCredit1`, `KillCredit2`, `modelid_1`, `modelid_2`, `modelid_3`, `modelid_4`, `name`, `subname`, `IconName`, `gossip_menu_id`, `minlevel`, `maxlevel`, `minhealth`, `maxhealth`, `minmana`, `maxmana`, `armor`, `faction_A`, `faction_H`, `npcflag`, `speed_walk`, `speed_run`, `scale`, `rank`, `mindmg`, `maxdmg`, `dmgschool`, `attackpower`, `dmg_multiplier`, `baseattacktime`, `rangeattacktime`, `unit_class`, `unit_flags`, `dynamicflags`, `family`, `trainer_type`, `trainer_spell`, `trainer_class`, `trainer_race`, `minrangedmg`, `maxrangedmg`, `rangedattackpower`, `type`, `type_flags`, `lootid`, `pickpocketloot`, `skinloot`, `resistance1`, `resistance2`, `resistance3`, `resistance4`, `resistance5`, `resistance6`, `spell1`, `spell2`, `spell3`, `spell4`, `PetSpellDataId`, `mingold`, `maxgold`, `AIName`, `MovementType`, `InhabitType`, `unk16`, `unk17`, `RacialLeader`, `questItem1`, `questItem2`, `questItem3`, `questItem4`, `questItem5`, `questItem6`, `movementId`, `RegenHealth`, `equipment_id`, `trainer_id`, `vendor_id`, `mechanic_immune_mask`, `flags_extra`, `ScriptName`) VALUES
(300017, 0, 0, 0, 0, 0, 25613, 0, 25613, 0, 'Jewelcrafting Trainer', 'Warcraft.BY', '', 0, 100, 100, 10000, 10000, 10000, 10000, 1, 35, 35, 80, 1.15, 1.14286, 1, 1, 1200, 1620, 0, 1208, 1, 1600, 1760, 0, 386, 0, 0, 2, 0, 0, 0, 57.728, 79.376, 100, 7, 138936390, 0, 0, 0, 999, 999, 999, 999, 999, 999, 0, 0, 0, 0, 0, 1500, 1700, '', 0, 3, 1, 1, 0, 0, 0, 0, 0, 0, 0, 0, 1, 0, 0, 0, 2147483643, 2, ''),
(300018, 0, 0, 0, 0, 0, 25613, 0, 25613, 0, 'Inscription Trainer', 'Warcraft.BY', '', 0, 100, 100, 10000, 10000, 10000, 10000, 1, 35, 35, 80, 1.15, 1.14286, 1, 1, 1200, 1620, 0, 1208, 1, 1600, 1760, 0, 386, 0, 0, 2, 0, 0, 0, 57.728, 79.376, 100, 7, 138936390, 0, 0, 0, 999, 999, 999, 999, 999, 999, 0, 0, 0, 0, 0, 1500, 1700, '', 0, 3, 1, 1, 0, 0, 0, 0, 0, 0, 0, 0, 1, 0, 0, 0, 2147483643, 2, ''),
(300019, 0, 0, 0, 0, 0, 25613, 0, 25613, 0, 'Herbalism Trainer', 'Warcraft.BY', '', 0, 100, 100, 10000, 10000, 10000, 10000, 1, 35, 35, 80, 1.15, 1.14286, 1, 1, 1200, 1620, 0, 1208, 1, 1600, 1760, 0, 386, 0, 0, 2, 0, 0, 0, 57.728, 79.376, 100, 7, 138936390, 0, 0, 0, 999, 999, 999, 999, 999, 999, 0, 0, 0, 0, 0, 1500, 1700, '', 0, 3, 1, 1, 0, 0, 0, 0, 0, 0, 0, 0, 1, 0, 0, 0, 2147483643, 2, ''),
(300020, 0, 0, 0, 0, 0, 25613, 0, 25613, 0, 'Blacksmithing Trainer', 'Warcraft.BY', '', 0, 100, 100, 10000, 10000, 10000, 10000, 1, 35, 35, 80, 1.15, 1.14286, 1, 1, 1200, 1620, 0, 1208, 1, 1600, 1760, 0, 386, 0, 0, 2, 0, 0, 0, 57.728, 79.376, 100, 7, 138936390, 0, 0, 0, 999, 999, 999, 999, 999, 999, 0, 0, 0, 0, 0, 1500, 1700, '', 0, 3, 1, 1, 0, 0, 0, 0, 0, 0, 0, 0, 1, 0, 0, 0, 2147483643, 2, ''),
(300021, 0, 0, 0, 0, 0, 25613, 0, 25613, 0, 'Mining Trainer', 'Warcraft.BY', '', 0, 100, 100, 10000, 10000, 10000, 10000, 1, 35, 35, 80, 1.15, 1.14286, 1, 1, 1200, 1620, 0, 1208, 1, 1600, 1760, 0, 386, 0, 0, 2, 0, 0, 0, 57.728, 79.376, 100, 7, 138936390, 0, 0, 0, 999, 999, 999, 999, 999, 999, 0, 0, 0, 0, 0, 1500, 1700, '', 0, 3, 1, 1, 0, 0, 0, 0, 0, 0, 0, 0, 1, 0, 0, 0, 2147483643, 2, ''),
(300022, 0, 0, 0, 0, 0, 25613, 0, 25613, 0, 'Fishing Trainer', 'Warcraft.BY', '', 0, 100, 100, 10000, 10000, 10000, 10000, 1, 35, 35, 80, 1.15, 1.14286, 1, 1, 1200, 1620, 0, 1208, 1, 1600, 1760, 0, 386, 0, 0, 2, 0, 0, 0, 57.728, 79.376, 100, 7, 138936390, 0, 0, 0, 999, 999, 999, 999, 999, 999, 0, 0, 0, 0, 0, 1500, 1700, '', 0, 3, 1, 1, 0, 0, 0, 0, 0, 0, 0, 0, 1, 0, 0, 0, 2147483643, 2, ''),
(300023, 0, 0, 0, 0, 0, 25613, 0, 25613, 0, 'Engineering Trainer', 'Warcraft.BY', '', 0, 100, 100, 10000, 10000, 10000, 10000, 1, 35, 35, 80, 1.15, 1.14286, 1, 1, 1200, 1620, 0, 1208, 1, 1600, 1760, 0, 386, 0, 0, 2, 0, 0, 0, 57.728, 79.376, 100, 7, 138936390, 0, 0, 0, 999, 999, 999, 999, 999, 999, 0, 0, 0, 0, 0, 1500, 1700, '', 0, 3, 1, 1, 0, 0, 0, 0, 0, 0, 0, 0, 1, 0, 0, 0, 2147483643, 2, ''),
(300024, 0, 0, 0, 0, 0, 25613, 0, 25613, 0, 'Leatherworking Trainer', 'Warcraft.BY', '', 0, 100, 100, 10000, 10000, 10000, 10000, 1, 35, 35, 80, 1.15, 1.14286, 1, 1, 1200, 1620, 0, 1208, 1, 1600, 1760, 0, 386, 0, 0, 2, 0, 0, 0, 57.728, 79.376, 100, 7, 138936390, 0, 0, 0, 999, 999, 999, 999, 999, 999, 0, 0, 0, 0, 0, 1500, 1700, '', 0, 3, 1, 1, 0, 0, 0, 0, 0, 0, 0, 0, 1, 0, 0, 0, 2147483643, 2, ''),
(300025, 0, 0, 0, 0, 0, 25613, 0, 25613, 0, 'Tailoring Trainer', 'Warcraft.BY', '', 0, 100, 100, 10000, 10000, 10000, 10000, 1, 35, 35, 80, 1.15, 1.14286, 1, 1, 1200, 1620, 0, 1208, 1, 1600, 1760, 0, 386, 0, 0, 2, 0, 0, 0, 57.728, 79.376, 100, 7, 138936390, 0, 0, 0, 999, 999, 999, 999, 999, 999, 0, 0, 0, 0, 0, 1500, 1700, '', 0, 3, 1, 1, 0, 0, 0, 0, 0, 0, 0, 0, 1, 0, 0, 0, 2147483643, 2, ''),
(300026, 0, 0, 0, 0, 0, 25613, 0, 25613, 0, 'First Aid Trainer', 'Warcraft.BY', '', 0, 100, 100, 10000, 10000, 10000, 10000, 1, 35, 35, 80, 1.15, 1.14286, 1, 1, 1200, 1620, 0, 1208, 1, 1600, 1760, 0, 386, 0, 0, 2, 0, 0, 0, 57.728, 79.376, 100, 7, 138936390, 0, 0, 0, 999, 999, 999, 999, 999, 999, 0, 0, 0, 0, 0, 1500, 1700, '', 0, 3, 1, 1, 0, 0, 0, 0, 0, 0, 0, 0, 1, 0, 0, 0, 2147483643, 2, ''),
(300027, 0, 0, 0, 0, 0, 25613, 0, 25613, 0, 'Skinning Trainer', 'Warcraft.BY', '', 0, 100, 100, 10000, 10000, 10000, 10000, 1, 35, 35, 80, 1.15, 1.14286, 1, 1, 1200, 1620, 0, 1208, 1, 1600, 1760, 0, 386, 0, 0, 2, 0, 0, 0, 57.728, 79.376, 100, 7, 138936390, 0, 0, 0, 999, 999, 999, 999, 999, 999, 0, 0, 0, 0, 0, 1500, 1700, '', 0, 3, 1, 1, 0, 0, 0, 0, 0, 0, 0, 0, 1, 0, 0, 0, 2147483643, 2, ''),
(300028, 0, 0, 0, 0, 0, 25613, 0, 25613, 0, 'Alchemy Trainer', 'Warcraft.BY', '', 0, 100, 100, 10000, 10000, 10000, 10000, 1, 35, 35, 80, 1.15, 1.14286, 1, 1, 1200, 1620, 0, 1208, 1, 1600, 1760, 0, 386, 0, 0, 2, 0, 0, 0, 57.728, 79.376, 100, 7, 138936390, 0, 0, 0, 999, 999, 999, 999, 999, 999, 0, 0, 0, 0, 0, 1500, 1700, '', 0, 3, 1, 1, 0, 0, 0, 0, 0, 0, 0, 0, 1, 0, 0, 0, 2147483643, 2, ''),
(300029, 0, 0, 0, 0, 0, 25613, 0, 25613, 0, 'Enchanting Trainer', 'Warcraft.BY', '', 0, 100, 100, 10000, 10000, 10000, 10000, 1, 35, 35, 80, 1.15, 1.14286, 1, 1, 1200, 1620, 0, 1208, 1, 1600, 1760, 0, 386, 0, 0, 2, 0, 0, 0, 57.728, 79.376, 100, 7, 138936390, 0, 0, 0, 999, 999, 999, 999, 999, 999, 0, 0, 0, 0, 0, 1500, 1700, '', 0, 3, 1, 1, 0, 0, 0, 0, 0, 0, 0, 0, 1, 0, 0, 0, 2147483643, 2, ''),
(300030, 0, 0, 0, 0, 0, 30810, 0, 30810, 0, 'Teleport Master', 'Warcraft.BY', '', 0, 100, 100, 10000, 10000, 10000, 10000, 1, 35, 35, 3, 1.15, 1.14286, 1, 1, 1200, 1620, 0, 1208, 1, 1600, 1760, 0, 386, 0, 0, 0, 0, 0, 0, 57.728, 79.376, 100, 7, 138936390, 0, 0, 0, 999, 999, 999, 999, 999, 999, 0, 0, 0, 0, 0, 1500, 1700, '', 0, 3, 1, 1, 0, 0, 0, 0, 0, 0, 0, 0, 1, 0, 0, 0, 2147483643, 2, 'teleporter_gh'),
(300031, 0, 0, 0, 0, 0, 11421, 0, 11421, 0, 'Sharik', '', '', 0, 100, 100, 10000, 10000, 10000, 10000, 1, 35, 35, 0, 1.15, 1.14286, 0.5, 1, 1200, 1620, 0, 1208, 1, 1600, 1760, 0, 0, 0, 0, 0, 0, 9, 0, 57.728, 79.376, 100, 7, 138936390, 0, 0, 0, 999, 999, 999, 999, 999, 999, 0, 0, 0, 0, 0, 1500, 1700, '', 1, 3, 1, 1, 0, 0, 0, 0, 0, 0, 0, 0, 1, 0, 0, 0, 0, 0, ''),
(200187, 0, 0, 0, 0, 0, 28048, 0, 28048, 0, 'Heroic Training Dummy', 'Warcraft.BY', '', 0, 80, 80, 42949672, 42949672, 0, 0, 9729, 7, 7, 0, 1, 1, 1, 0, 422, 586, 0, 642, 1, 1000, 0, 1, 131584, 128, 0, 0, 0, 0, 0, 345, 509, 103, 10, 4, 0, 0, 0, 0, 0, 0, 0, 0, 0, 0, 0, 0, 0, 0, 0, 0, 'NullAI', 0, 3, 1.87196, 1, 1, 0, 0, 0, 0, 0, 0, 0, 1, 0, 0, 0, 2147483583, 0, '');

REPLACE INTO `locales_creature` (`entry`, `name_loc1`, `name_loc2`, `name_loc3`, `name_loc4`, `name_loc5`, `name_loc6`, `name_loc7`, `name_loc8`, `subname_loc1`, `subname_loc2`, `subname_loc3`, `subname_loc4`, `subname_loc5`, `subname_loc6`, `subname_loc7`, `subname_loc8`) VALUES
(300001, '', '', '', '', '', '', '', 'Наставник Чернокнижников', NULL, NULL, NULL, NULL, NULL, NULL, NULL, 'Warcraft.BY'),
(300002, '', '', '', '', '', '', '', 'Наставник Друидов', NULL, NULL, NULL, NULL, NULL, NULL, NULL, 'Warcraft.BY'),
(300003, '', '', '', '', '', '', '', 'Наставник Охотников', NULL, NULL, NULL, NULL, NULL, NULL, NULL, 'Warcraft.BY'),
(300004, '', '', '', '', '', '', '', 'Наставник Воинов', NULL, NULL, NULL, NULL, NULL, NULL, NULL, 'Warcraft.BY'),
(300005, '', '', '', '', '', '', '', 'Наставник Жрецов', NULL, NULL, NULL, NULL, NULL, NULL, NULL, 'Warcraft.BY'),
(300006, '', '', '', '', '', '', '', 'Наставник Магов', NULL, NULL, NULL, NULL, NULL, NULL, NULL, 'Warcraft.BY'),
(300007, '', '', '', '', '', '', '', 'Наставник Шаманов', NULL, NULL, NULL, NULL, NULL, NULL, NULL, 'Warcraft.BY'),
(300008, '', '', '', '', '', '', '', 'Наставник Разбойников', NULL, NULL, NULL, NULL, NULL, NULL, NULL, 'Warcraft.BY'),
(300009, '', '', '', '', '', '', '', 'Наставник Паладинов', NULL, NULL, NULL, NULL, NULL, NULL, NULL, 'Warcraft.BY'),
(300010, '', '', '', '', '', '', '', 'Наставник Рыцаря Смерти', NULL, NULL, NULL, NULL, NULL, NULL, NULL, 'Warcraft.BY'),
(300011, '', '', '', '', '', '', '', 'Наставник Верховой Езды', NULL, NULL, NULL, NULL, NULL, NULL, NULL, 'Warcraft.BY'),
(300012, '', '', '', '', '', '', '', 'Товары', NULL, NULL, NULL, NULL, NULL, NULL, NULL, 'Warcraft.BY'),
(300013, '', '', '', '', '', '', '', 'Яды', NULL, NULL, NULL, NULL, NULL, NULL, NULL, 'Warcraft.BY'),
(300014, '', '', '', '', '', '', '', 'Телепорт в Guild House', NULL, NULL, NULL, NULL, NULL, NULL, NULL, 'Warcraft.BY'),
(300015, '', '', '', '', '', '', '', 'Банкир', NULL, NULL, NULL, NULL, NULL, NULL, NULL, 'Warcraft.BY'),
(300016, '', '', '', '', '', '', '', 'Аукционер', NULL, NULL, NULL, NULL, NULL, NULL, NULL, 'Warcraft.BY'),
(300017, '', '', '', '', '', '', '', 'Учитель ювелирного дела', NULL, NULL, NULL, NULL, NULL, NULL, NULL, 'Warcraft.BY'),
(300018, '', '', '', '', '', '', '', 'Учитель начертания', NULL, NULL, NULL, NULL, NULL, NULL, NULL, 'Warcraft.BY'),
(300019, '', '', '', '', '', '', '', 'Учитель травничества', NULL, NULL, NULL, NULL, NULL, NULL, NULL, 'Warcraft.BY'),
(300020, '', '', '', '', '', '', '', 'Учитель кузнечего дела', NULL, NULL, NULL, NULL, NULL, NULL, NULL, 'Warcraft.BY'),
(300021, '', '', '', '', '', '', '', 'Учитель горного дела', NULL, NULL, NULL, NULL, NULL, NULL, NULL, 'Warcraft.BY'),
(300022, '', '', '', '', '', '', '', 'Учитель рыбной ловли', NULL, NULL, NULL, NULL, NULL, NULL, NULL, 'Warcraft.BY'),
(300023, '', '', '', '', '', '', '', 'Учитель инженерского дела', NULL, NULL, NULL, NULL, NULL, NULL, NULL, 'Warcraft.BY'),
(300024, '', '', '', '', '', '', '', 'Учитель кожевничества', NULL, NULL, NULL, NULL, NULL, NULL, NULL, 'Warcraft.BY'),
(300025, '', '', '', '', '', '', '', 'Учитель портняжного дела', NULL, NULL, NULL, NULL, NULL, NULL, NULL, 'Warcraft.BY'),
(300026, '', '', '', '', '', '', '', 'Учитель первой помощи', NULL, NULL, NULL, NULL, NULL, NULL, NULL, 'Warcraft.BY'),
(300027, '', '', '', '', '', '', '', 'Учитель снятия шкур', NULL, NULL, NULL, NULL, NULL, NULL, NULL, 'Warcraft.BY'),
(300028, '', '', '', '', '', '', '', 'Учитель алхимии', NULL, NULL, NULL, NULL, NULL, NULL, NULL, 'Warcraft.BY'),
(300029, '', '', '', '', '', '', '', 'Учитель наложения чар', NULL, NULL, NULL, NULL, NULL, NULL, NULL, 'Warcraft.BY'),
(300030, '', '', '', '', '', '', '', 'Телепорт Мастер', NULL, NULL, NULL, NULL, NULL, NULL, NULL, 'Warcraft.BY'),
(300031, '', '', '', '', '', '', '', 'Шарик', NULL, NULL, NULL, NULL, NULL, NULL, NULL, ''),
(200187, '', '', '', '', '', '', '', 'Героический тренировочный манекен', NULL, NULL, NULL, NULL, NULL, NULL, NULL, 'Warcraft.BY');

/*Warlock*/
UPDATE `creature_template` SET `gossip_menu_id` = 4681 WHERE `entry` = 300001;
/*Druid*/
UPDATE `creature_template` SET `gossip_menu_id` = 7567 WHERE `entry` = 300002;
/*Hunter*/
UPDATE `creature_template` SET `gossip_menu_id` = 4551 WHERE `entry` = 300003;
/*Warrior*/
UPDATE `creature_template` SET `gossip_menu_id` = 7263 WHERE `entry` = 300004;
/*Priest*/
UPDATE `creature_template` SET `gossip_menu_id` = 0 WHERE `entry` = 300005;
/*Mage*/
UPDATE `creature_template` SET `gossip_menu_id` = 6648 WHERE `entry` = 300006;
/*Shaman*/
UPDATE `creature_template` SET `gossip_menu_id` = 7357 WHERE `entry` = 300007;
/*Rogue*/
UPDATE `creature_template` SET `gossip_menu_id` = 6650 WHERE `entry` = 300008;
/*Paladin*/
UPDATE `creature_template` SET `gossip_menu_id` = 8111 WHERE `entry` = 300009;
/*Death Knight*/
UPDATE `creature_template` SET `gossip_menu_id` = 9693 WHERE `entry` = 300010;
UPDATE `creature_template` SET `faction_A` = 35, `faction_H` = 35 WHERE `entry` IN (18895, 18897);
UPDATE `creature_template` SET `unit_flags` = 131584 WHERE `entry` IN (200187);
REPLACE INTO `item_template` (`entry`, `class`, `subclass`, `unk0`, `name`, `displayid`, `Quality`, `Flags`, `Flags2`, `BuyCount`, `BuyPrice`, `SellPrice`, `InventoryType`, `AllowableClass`, `AllowableRace`, `ItemLevel`, `RequiredLevel`, `RequiredSkill`, `RequiredSkillRank`, `requiredspell`, `requiredhonorrank`, `RequiredCityRank`, `RequiredReputationFaction`, `RequiredReputationRank`, `maxcount`, `stackable`, `ContainerSlots`, `StatsCount`, `stat_type1`, `stat_value1`, `stat_type2`, `stat_value2`, `stat_type3`, `stat_value3`, `stat_type4`, `stat_value4`, `stat_type5`, `stat_value5`, `stat_type6`, `stat_value6`, `stat_type7`, `stat_value7`, `stat_type8`, `stat_value8`, `stat_type9`, `stat_value9`, `stat_type10`, `stat_value10`, `ScalingStatDistribution`, `ScalingStatValue`, `dmg_min1`, `dmg_max1`, `dmg_type1`, `dmg_min2`, `dmg_max2`, `dmg_type2`, `armor`, `holy_res`, `fire_res`, `nature_res`, `frost_res`, `shadow_res`, `arcane_res`, `delay`, `ammo_type`, `RangedModRange`, `spellid_1`, `spelltrigger_1`, `spellcharges_1`, `spellppmRate_1`, `spellcooldown_1`, `spellcategory_1`, `spellcategorycooldown_1`, `spellid_2`, `spelltrigger_2`, `spellcharges_2`, `spellppmRate_2`, `spellcooldown_2`, `spellcategory_2`, `spellcategorycooldown_2`, `spellid_3`, `spelltrigger_3`, `spellcharges_3`, `spellppmRate_3`, `spellcooldown_3`, `spellcategory_3`, `spellcategorycooldown_3`, `spellid_4`, `spelltrigger_4`, `spellcharges_4`, `spellppmRate_4`, `spellcooldown_4`, `spellcategory_4`, `spellcategorycooldown_4`, `spellid_5`, `spelltrigger_5`, `spellcharges_5`, `spellppmRate_5`, `spellcooldown_5`, `spellcategory_5`, `spellcategorycooldown_5`, `bonding`, `description`, `PageText`, `LanguageID`, `PageMaterial`, `startquest`, `lockid`, `Material`, `sheath`, `RandomProperty`, `RandomSuffix`, `block`, `itemset`, `MaxDurability`, `area`, `Map`, `BagFamily`, `TotemCategory`, `socketColor_1`, `socketContent_1`, `socketColor_2`, `socketContent_2`, `socketColor_3`, `socketContent_3`, `socketBonus`, `GemProperties`, `RequiredDisenchantSkill`, `ArmorDamageModifier`, `Duration`, `ItemLimitCategory`, `HolidayId`, `ScriptName`, `DisenchantID`, `FoodType`, `minMoneyLoot`, `maxMoneyLoot`, `ExtraFlags`) VALUES (22520, 15, 0, -1, 'Teleport in Guild House', 59498, 4, 8388608, 0, 1, 100000, 0, 0, -1, -1, 0, 0, 0, 0, 0, 0, 0, 0, 0, -1, 1, 0, 0, 0, 0, 0, 0, 0, 0, 0, 0, 0, 0, 0, 0, 0, 0, 0, 0, 0, 0, 0, 0, 0, 0, 0, 0, 0, 0, 0, 0, 0, 0, 0, 0, 0, 0, 0, 1000, 0, 0, 18282, 0, 0, 0, 900000, 0, -1, 0, 0, 0, 0, -1, 0, -1, 0, 0, 0, 0, -1, 0, -1, 0, 0, 0, 0, -1, 0, -1, 0, 0, 0, 0, -1, 0, -1, 0, '', 0, 0, 0, 0, 0, -1, 0, 0, 0, 0, 0, 0, 0, 0, 0, 0, 0, 0, 0, 0, 0, 0, 0, 0, -1, 0, 432000, 0, 0, 'item_guildhouse', 0, 0, 0, 0, 2);

DELETE FROM `locales_item` WHERE `entry` = 22520;
REPLACE INTO `locales_item` VALUES ('22520', '', '', '', '', '', '', '', 'Телепортироваться в GuildHouse', null, null, null, null, null, null, null, '');

DELETE FROM `creature` WHERE `guid` between 900000 and 900100;
DELETE FROM `gameobject` WHERE `guid` between 900000 and 900100;

INSERT INTO `creature` VALUES
(900000,18895,0,1,65535,0,0,-8599.82,-555.615,146.493,5.2164,25,0,0,349300,0,0,0),
(900001,18897,0,1,65535,0,512,-8594.69,-558.201,146.824,4.26528,25,0,0,6986,0,0,0),
(900002,200187,0,1,65535,0,0,-8683.72,-543.568,155.952,0.397565,25,0,0,42949672,0,0,0),
(900003,200187,0,1,65535,0,0,-8685.35,-536.691,156.127,0.13759,25,0,0,42949672,0,0,0),
(900004,200187,0,1,65535,0,0,-8684.07,-529.954,155.795,5.90713,25,0,0,42949672,0,0,0),
(900005,300001,0,1,65535,0,0,-8602.17,-510.892,147.196,0.331367,25,0,0,10000,10000,0,0),(900006,300002,0,1,65535,0,0,-8558.99,-550.852,146.352,3.8923,25,0,0,10000,10000,0,0),(900007,300003,0,1,65535,0,0,-8561.97,-541.494,146.571,3.02607,25,0,0,10000,10000,0,0),(900008,300004,0,1,65535,0,0,-8561.81,-547.326,146.56,3.46747,25,0,0,10000,10000,0,0),(900009,300005,0,1,65535,0,0,-8606.07,-516.177,146.224,4.92354,25,0,0,10000,10000,0,0),(900010,300006,0,1,65535,0,0,-8603.76,-514.568,146.649,5.22283,25,0,0,10000,10000,0,0),(900011,300007,0,1,65535,0,0,-8559.66,-537.436,146.678,2.42289,25,0,0,10000,10000,0,0),(900012,300008,0,1,65535,0,0,-8603.15,-508.404,147.038,0.537923,25,0,0,10000,10000,0,0),(900013,300009,0,1,65535,0,0,-8608.9,-514.794,146.137,4.33875,25,0,0,10000,10000,0,0),(900014,300010,0,1,65535,0,0,-8555.17,-534.687,146.822,1.78201,25,0,0,10000,10000,0,0),(900015,300011,1,1,65535,0,0,16266.1,16323,20.9308,4.28248,25,0,0,1000,1000,0,0),(900016,300011,0,1,65535,0,0,-8600.67,-613.371,144.692,5.72776,25,0,0,1000,1000,0,0),(900017,300012,0,1,65535,0,0,-8643.11,-554.735,145.475,2.95431,25,0,0,10000,10000,0,0),(900018,300013,0,1,65535,0,0,-8642.48,-552.09,145.441,2.99751,25,0,0,10000,10000,0,0),(900019,300014,1,1,65535,0,0,1621.27,-4392.61,10.9378,4.31965,25,0,0,10000,10000,0,0),(900020,300014,571,1,65535,0,0,5678.29,654.837,646.956,6.03587,25,0,0,10000,10000,0,0),(900021,300014,0,1,65535,0,0,-8842.88,622.72,94.0144,0.0592554,25,0,0,10000,10000,0,0),(900022,300015,0,1,65535,0,0,-8666.3,-569.212,147.792,1.21895,25,0,0,10000,10000,0,0),(900023,300016,0,1,65535,0,0,-8664.34,-569.833,146.864,0.960555,25,0,0,10000,10000,0,0),(900024,300017,0,1,65535,0,0,-8599.89,-624.422,145.173,0.763118,25,0,0,10000,10000,0,0),(900025,300018,0,1,65535,0,0,-8596.58,-608.881,144.904,5.26658,25,0,0,10000,10000,0,0),(900026,300019,0,1,65535,0,0,-8602.6,-618.215,144.76,6.21849,25,0,0,10000,10000,0,0),(900027,300020,0,1,65535,0,0,-8595.13,-625.252,145.417,1.64591,25,0,0,10000,10000,0,0),(900028,300021,0,1,65535,0,0,-8601.78,-615.747,144.723,5.92803,25,0,0,10000,10000,0,0),(900029,300022,0,1,65535,0,0,-8588.57,-622.604,145.279,2.19176,25,0,0,10000,10000,0,0),(900030,300023,0,1,65535,0,0,-8602.38,-620.491,144.833,0.053115,25,0,0,10000,10000,0,0),(900031,300024,0,1,65535,0,0,-8590.7,-624.133,145.446,2.19961,25,0,0,10000,10000,0,0),(900032,300025,1,1,65535,0,0,16237,16289.2,20.8495,5.79575,25,0,0,10000,10000,0,0),(900033,300025,0,1,65535,0,0,-8592.9,-624.76,145.423,1.7755,25,0,0,10000,10000,0,0),(900034,300026,1,1,65535,0,0,16236.3,16288.2,20.8482,5.74549,25,0,0,10000,10000,0,0),(900035,300026,0,1,65535,0,0,-8601.53,-622.62,144.909,0.260462,25,0,0,10000,10000,0,0),(900036,300027,1,1,65535,0,0,16235.5,16287,20.8475,5.66852,25,0,0,10000,10000,0,0),(900037,300027,0,1,65535,0,0,-8586.55,-620.741,145.081,2.18783,25,0,0,10000,10000,0,0),(900038,300028,1,1,65535,0,0,16234.7,16285.8,20.8477,5.66852,25,0,0,10000,10000,0,0),(900039,300028,0,1,65535,0,0,-8598.93,-611.178,144.768,5.42694,25,0,0,10000,10000,0,0),(900040,300029,0,1,65535,0,0,-8597.58,-625.222,145.331,1.58779,25,0,0,10000,10000,0,0),(900041,300030,0,1,65535,0,0,-8615.18,-547.502,148.057,2.5369,25,0,0,10000,10000,0,0),(900042,300031,0,1,65535,0,0,-8325.28,-346.945,146.012,1.08932,25,2,0,10000,10000,0,1),
(900043,300017,0,1,65535,0,0,-8541.45,-558.366,145.125,3.52779,25,0,0,10000,10000,0,0),(900044,300018,0,1,65535,0,0,-8548.5,-550.328,146.055,5.42688,25,0,0,10000,10000,0,0),(900045,300019,0,1,65535,0,0,-8554.65,-554.237,145.857,5.1457,25,0,0,10000,10000,0,0),(900046,300020,0,1,65535,0,0,-8553.25,-553.075,145.94,5.3931,25,0,0,10000,10000,0,0),(900047,300021,0,1,65535,0,0,-8542.22,-556.31,145.365,3.73591,25,0,0,10000,10000,0,0),(900048,300022,0,1,65535,0,0,-8551.59,-552.201,146.003,5.50307,25,0,0,10000,10000,0,0),(900049,300023,0,1,65535,0,0,-8544.66,-551.537,145.818,3.74534,25,0,0,10000,10000,0,0),(900050,300024,0,1,65535,0,0,-8546.63,-549.479,145.994,5.27294,25,0,0,10000,10000,0,0),(900051,300025,1,1,65535,0,0,16237,16289.2,20.8495,5.79575,25,0,0,10000,10000,0,0),(900052,300025,0,1,65535,0,0,-8540.21,-560.206,145.049,3.72021,25,0,0,10000,10000,0,0),(900053,300026,1,1,65535,0,0,16236.3,16288.2,20.8482,5.74549,25,0,0,10000,10000,0,0),(900054,300026,0,1,65535,0,0,-8545.36,-550.158,145.924,3.74142,25,0,0,10000,10000,0,0),(900055,300027,1,1,65535,0,0,16235.5,16287,20.8475,5.66852,25,0,0,10000,10000,0,0),(900056,300027,0,1,65535,0,0,-8549.89,-551.178,146.053,5.41903,25,0,0,10000,10000,0,0),(900057,300028,1,1,65535,0,0,16234.7,16285.8,20.8477,5.66852,25,0,0,10000,10000,0,0),(900058,300028,0,1,65535,0,0,-8539.3,-562.291,145.049,3.57021,25,0,0,10000,10000,0,0),(900059,300029,0,1,65535,0,0,-8543.12,-554.733,145.556,3.61025,25,0,0,10000,10000,0,0),
-- (900060,34060,0,1,65535,0,0,-8628.96,-569.026,146.522,0.452549,25,0,0,9780,14392,0,0),
-- (900061,34078,0,1,65535,0,1935,-8628.23,-576.757,146.066,5.99745,25,0,0,21270,0,0,0),
-- (900062,37941,0,1,65535,0,1410,-8609.02,-545.415,145.713,1.79576,25,0,0,10080,8814,0,0),
-- (900063,37942,0,1,65535,0,1994,-8607.07,-545.209,145.913,1.82718,25,0,0,10080,8814,0,0),
(900064,34095,0,1,65535,0,657,-8638.29,-567.599,146.151,2.35666,25,0,0,6986,0,0,0),
(900065,33936,0,1,65535,0,0,-8639.67,-569.048,145.926,2.53338,25,0,0,8025,0,0,0),
(900066,33937,0,1,65535,0,0,-8640.14,-570.543,145.821,2.89468,25,0,0,8025,0,0,0),
(900067,30885,0,1,65535,0,0,-8596.42,-554.501,146.769,3.06048,25,0,0,5617,7981,0,0),
(900068,24410,0,1,65535,0,0,-8653.85,-588.599,148.545,0.849363,25,0,0,1,0,0,0),
(900069,35790,0,1,65535,0,466,-8605.27,-544.587,146.077,1.67717,25,0,0,10635,0,0,0),
(900070,28685,0,1,65535,0,832,-8581.17,-570.356,145.692,1.6434,25,0,0,10635,0,0,2),
(900071,34075,0,1,65535,0,163,-8636.33,-578.893,145.326,4.08755,25,0,0,11828,0,0,0),
(900072,34078,0,1,65535,0,1935,-8633.99,-579.077,145.582,4.9994,25,0,0,21270,0,0,0),
(900073,35494,0,1,65535,0,1965,-8607.5,-545.567,145.958,1.87744,25,0,0,10080,8814,0,0),
(900074,37942,0,1,65535,0,1994,-8602.85,-544.034,146.221,1.09126,25,0,0,10080,8814,0,0),
(900075,32294,0,1,65535,0,0,-8536.19,-524.818,144.746,3.58803,25,0,0,12600,0,0,0),
(900076,39172,0,1,65535,0,0,-8640.8,-575.816,145.266,4.13781,25,0,0,12600,0,0,0),
-- (900077,35574,0,1,65535,0,1966,-8668.37,-523.322,150.785,5.30257,25,0,0,10080,8814,0,0),
-- (900078,34772,0,1,65535,0,0,-8666.68,-520.839,150.065,5.60181,25,0,0,12600,0,0,0),
(900079,28715,0,1,65535,0,0,-8679,-552.789,154.211,0.308229,25,0,0,8508,7981,0,0),
(900080,40160,0,1,65535,0,2286,-8656.75,-551.825,148.086,3.16708,25,0,0,8508,7981,0,0),
(900081,29929,0,1,65535,0,0,-8593.8,-509.433,146.388,4.82819,25,0,0,5342,0,0,0),
(900082,300014,571,1,65535,0,0,5824.09,641.3,647.892,3.0977,25,0,0,10000,10000,0,0),
(900083,300014,0,1,65535,0,0,-8608.96,-555.753,145.575,3.95013,25,0,0,10000,10000,0,0);

INSERT INTO `gameobject` VALUES 
(900000,31,1,1,1,16291.3,16317.1,10.5179,0.403987,0,0,0.200623,0.979669,25,255,1),
(900001,23303,0,1,1,-8547.96,-556.945,145.368,1.49023,0,0,0.678058,0.735009,25,255,1),(900002,144131,0,1,1,-8612.72,-546.348,145.326,4.20048,0,0,0.863088,-0.505053,25,255,1),
(900003,180045,0,1,1,-8594.17,-554.479,146.905,1.41162,0,0,0.64865,0.761087,25,255,1),(900004,300002,0,1,1,-8549.2,-570.767,145.443,2.34222,0,0,0.921184,0.389128,25,255,1),(900005,187334,0,1,1,-8664.99,-577.835,145.932,1.92195,0,0,0.81975,0.572721,25,255,1),(900006,187334,0,1,1,-8662.84,-573.624,145.76,3.45191,0,0,0.987987,-0.154535,25,255,1),(900007,144131,0,1,1,-8663.02,-576.346,145.496,2.69635,0,0,0.975322,0.220788,25,255,1),(900008,1720,0,1,1,-8326.37,-348.76,146.116,1.04205,0,0,0.49777,0.867309,25,255,1),(900009,300001,0,1,1,-8639.17,-552.979,145.202,1.44628,0,0,0.661743,0.74973,25,255,1),(900010,1621,1,1,1,1843,-2155.37,96.8872,5.62655,0,0,0.322452,-0.946586,25,255,1),(900011,181886,0,1,1,-8600.9,-574.814,145.646,4.04248,0,0,0.900254,-0.435364,25,255,1),(900012,186000,0,1,1,-8633.25,-592.246,145.978,1.02496,0,0,0.490339,0.871532,25,255,1),(900013,192654,0,1,1,-8285.67,-336.202,143.975,3.26534,0,0,0.998087,-0.0618326,25,255,1),(900014,192228,0,1,1,-8255.17,-14.8765,143.687,3.43734,0,0,0.989086,-0.147337,25,255,1),(900015,192228,0,1,1,-8253.1,-27.4101,141.95,3.26028,0,0,0.99824,-0.0593081,25,255,1),(900016,192228,0,1,1,-8253.38,-36.6703,144.669,3.01962,0,0,0.998141,0.0609492,25,255,1),(900017,3943,0,1,1,-8630.98,-567.224,146.689,4.61385,0,0,0.741072,-0.671425,25,255,1),(900018,1593,0,1,1,-8648.87,-501.202,143.806,5.90605,0,0,0.18745,-0.982274,25,255,1),(900019,3943,0,1,1,-8583.04,-617.729,145.157,4.51074,0,0,0.774689,-0.632342,25,255,1),(900020,3943,0,1,1,-8592.7,-605.157,145.282,4.27512,0,0,0.843644,-0.536903,25,255,1),(900021,3943,0,1,1,-8581.67,-587.003,145.069,1.2749,0,0,0.595146,0.803617,25,255,1),(900022,3943,0,1,1,-8542.1,-566.325,145.223,3.93502,0,0,0.922335,-0.386392,25,255,1),(900023,3943,0,1,1,-8553.99,-572.963,146.292,0.914368,0,0,0.441423,0.897299,25,255,1),(900024,180431,0,1,1,-8616.36,-498.738,149.637,0.0893054,0,0,0.0446378,0.999003,25,255,1),(900025,3943,0,1,1,-8620.17,-498.316,147.831,1.01287,0,0,0.485064,0.874479,25,255,1),(900026,3943,0,1,1,-8612.64,-501.523,148.744,2.25773,0,0,0.903927,0.427686,25,255,1),(900027,186887,0,1,1,-8652.9,-551.514,149.456,0.200813,0,0,0.100238,0.994964,25,255,1),(900028,3943,0,1,1,-8612.79,-550.223,145.337,2.21925,0,0,0.895533,0.444995,25,255,1),(900029,3943,0,1,1,-8616.96,-545.206,145.003,5.35692,0,0,0.446752,-0.894658,25,255,1),(900030,3943,0,1,1,-8617.27,-550.581,145.026,0.856586,0,0,0.415319,0.909676,25,255,1),(900031,192583,0,1,1,-8567.57,-571.839,144.947,5.18293,0,0,0.522797,-0.852457,25,255,1),(900032,3943,0,1,1,-8557.6,-535.821,146.758,5.26501,0,0,0.487382,-0.873189,25,255,1),(900033,3943,0,1,1,-8561.76,-544.766,146.612,0.0420961,0,0,0.0210465,0.999779,25,255,1),(900034,3943,0,1,1,-8557.19,-552.25,146.147,0.77644,0,0,0.378541,0.925584,25,255,1),(900035,3943,0,1,1,-8550.72,-535.01,146.694,4.61076,0,0,0.74211,-0.670278,25,255,1),(900036,3943,0,1,1,-8584.72,-574.723,145.694,6.27971,0,0,0.00173655,-0.999999,25,255,1),(900037,3943,0,1,1,-8669.91,-570.595,149.499,5.25476,0,0,0.491849,-0.870681,25,255,1),(900038,3943,0,1,1,-8668.28,-578.725,147.686,2.71008,0,0,0.976815,0.214087,25,255,1),(900039,3943,0,1,1,-8652.98,-502.281,144.182,1.17855,0,0,0.555759,0.831343,25,255,1),(900040,3943,0,1,1,-8597.86,-554.834,146.671,1.95056,0,0,0.827859,0.560936,25,255,1),(900041,3943,0,1,1,-8598.1,-588.783,146.21,4.49525,0,0,0.779563,-0.626323,25,255,1),(900042,170592,0,1,1,-8653.02,-587.651,145.013,0.944914,0,0,0.455076,0.890453,25,255,1),(900043,182954,0,1,1,-8542.93,-501.571,142.367,5.96156,0,0,0.160119,-0.987098,25,255,1),(900044,182954,0,1,1,-8578.32,-497.457,140.987,2.87573,0,0,0.991178,0.132541,25,255,1),(900045,182954,0,1,1,-8648.11,-491.7,142.382,3.71218,0,0,0.959579,-0.281438,25,255,1),(900046,182954,0,1,1,-8492.4,-455.817,142.328,0.97898,0,0,0.470176,0.882573,25,255,1),(900047,182954,0,1,1,-8442.09,-418.347,142.392,0.539156,0,0,0.266325,0.963883,25,255,1),(900048,182954,0,1,1,-8401.2,-387.08,142.421,0.331026,0,0,0.164758,0.986334,25,255,1),(900049,182954,0,1,1,-8355.84,-381.466,142.357,0.963271,0,0,0.463229,0.886239,25,255,1),(900050,182954,0,1,1,-8311.48,-354.251,141.946,2.13351,0,0,0.875639,0.482966,25,255,1),(900051,182954,0,1,1,-8327.71,-323.409,142.048,2.38092,0,0,0.928539,0.371235,25,255,1),(900052,1713,0,1,1,-9488.52,-239.466,55.3266,2.88277,0,0,0.991638,0.129051,25,255,1);

REPLACE INTO `npc_vendor` (`entry`, `item`, `maxcount`, `incrtime`, `ExtendedCost`) VALUES
(300012, 2320, 0, 0, 0),
(300012, 2321, 0, 0, 0),
(300012, 2325, 0, 0, 0),
(300012, 2604, 0, 0, 0),
(300012, 2605, 0, 0, 0),
(300012, 4289, 0, 0, 0),
(300012, 4291, 0, 0, 0),
(300012, 4340, 0, 0, 0),
(300012, 4341, 0, 0, 0),
(300012, 4342, 0, 0, 0),
(300012, 6260, 0, 0, 0),
(300012, 6261, 0, 0, 0),
(300012, 7005, 0, 0, 0),
(300012, 8343, 0, 0, 0),
(300012, 10290, 0, 0, 0),
(300012, 14341, 0, 0, 0),
(300012, 38426, 0, 0, 0),
(300012, 38518, 0, 0, 0),
(300012, 2880, 0, 0, 0),
(300012, 2901, 0, 0, 0),
(300012, 3466, 0, 0, 0),
(300012, 3857, 0, 0, 0),
(300012, 5956, 0, 0, 0),
(300012, 18567, 0, 0, 0),
(300012, 4470, 0, 0, 0),
(300012, 11284, 0, 0, 0),
(300012, 11285, 0, 0, 0),
(300012, 28053, 0, 0, 0),
(300012, 28056, 0, 0, 0),
(300012, 28060, 0, 0, 0),
(300012, 28061, 0, 0, 0),
(300012, 29013, 0, 0, 0),
(300012, 29014, 0, 0, 0),
(300012, 41584, 0, 0, 0),
(300012, 41586, 0, 0, 0),
(300012, 3371, 0, 0, 0),
(300012, 3372, 0, 0, 0),
(300012, 8925, 0, 0, 0),
(300012, 18256, 0, 0, 0),
(300012, 40411, 0, 0, 0),
(300012, 20815, 0, 0, 0),
(300012, 20824, 0, 0, 0),
(300012, 4470, 0, 0, 0),
(300012, 5565, 0, 0, 0),
(300012, 6217, 0, 0, 0),
(300012, 11291, 0, 0, 0),
(300012, 16583, 0, 0, 0),
(300012, 17020, 0, 0, 0),
(300012, 17021, 0, 0, 0),
(300012, 17026, 0, 0, 0),
(300012, 17028, 0, 0, 0),
(300012, 17029, 0, 0, 0),
(300012, 17030, 0, 0, 0),
(300012, 17031, 0, 0, 0),
(300012, 17032, 0, 0, 0),
(300012, 17033, 0, 0, 0),
(300012, 17034, 0, 0, 0),
(300012, 17035, 0, 0, 0),
(300012, 17036, 0, 0, 0),
(300012, 17037, 0, 0, 0),
(300012, 17038, 0, 0, 0),
(300012, 21177, 0, 0, 0),
(300012, 22147, 0, 0, 0),
(300012, 22148, 0, 0, 0),
(300012, 37201, 0, 0, 0),
(300012, 44605, 0, 0, 0),
(300012, 44614, 0, 0, 0),
(300012, 44615, 0, 0, 0),
(300012, 30817, 0, 0, 0),
(300012, 2678, 0, 0, 0),
(300013, 2892, 0, 0, 0),
(300013, 2893, 0, 0, 0),
(300013, 2928, 0, 0, 0),
(300013, 3371, 0, 0, 0),
(300013, 3372, 0, 0, 0),
(300013, 3775, 0, 0, 0),
(300013, 5060, 0, 0, 0),
(300013, 5237, 0, 0, 0),
(300013, 6947, 0, 0, 0),
(300013, 6949, 0, 0, 0),
(300013, 6950, 0, 0, 0),
(300013, 8925, 0, 0, 0),
(300013, 8926, 0, 0, 0),
(300013, 8927, 0, 0, 0),
(300013, 8928, 0, 0, 0),
(300013, 8984, 0, 0, 0),
(300013, 8985, 0, 0, 0),
(300013, 10918, 0, 0, 0),
(300013, 10920, 0, 0, 0),
(300013, 10921, 0, 0, 0),
(300013, 10922, 0, 0, 0),
(300013, 20844, 0, 0, 0),
(300013, 21835, 0, 0, 0),
(300013, 21927, 0, 0, 0),
(300013, 22053, 0, 0, 0),
(300013, 22054, 0, 0, 0),
(300013, 22055, 0, 0, 0),
(300013, 43230, 0, 0, 0),
(300013, 43231, 0, 0, 0),
(300013, 43232, 0, 0, 0),
(300013, 43233, 0, 0, 0),
(300013, 43234, 0, 0, 0),
(300013, 43235, 0, 0, 0),
(300013, 43237, 0, 0, 0);

REPLACE INTO `npc_trainer` (entry, spell, spellcost, reqskill, reqskillvalue, reqlevel) VALUES 
(300017, 25245, 10, 0, 0, 5),
(300017, 26926, 50, 755, 5, 0),
(300017, 31252, 100, 755, 20, 5),
(300017, 32178, 100, 755, 20, 0),
(300017, 32179, 100, 755, 20, 0),
(300017, 25283, 100, 755, 30, 0),
(300017, 26928, 100, 755, 30, 0),
(300017, 25246, 500, 755, 50, 10),
(300017, 25278, 200, 755, 50, 0),
(300017, 25280, 200, 755, 50, 0),
(300017, 25490, 300, 755, 50, 0),
(300017, 26927, 300, 755, 50, 0),
(300017, 32801, 200, 755, 50, 0),
(300017, 25284, 400, 755, 60, 0),
(300017, 37818, 500, 755, 65, 0),
(300017, 25287, 400, 755, 70, 0),
(300017, 36523, 600, 755, 75, 0),
(300017, 25317, 600, 755, 80, 0),
(300017, 38175, 650, 755, 80, 0),
(300017, 25305, 1000, 755, 90, 0),
(300017, 25318, 800, 755, 100, 0),
(300017, 36524, 800, 755, 105, 0),
(300017, 25498, 600, 755, 110, 0),
(300017, 32807, 600, 755, 110, 0),
(300017, 25321, 1500, 755, 120, 0),
(300017, 28896, 5000, 755, 125, 20),
(300017, 25613, 1200, 755, 135, 0),
(300017, 25615, 1500, 755, 150, 0),
(300017, 25620, 2000, 755, 170, 0),
(300017, 32808, 2000, 755, 175, 0),
(300017, 25621, 2000, 755, 180, 0),
(300017, 34955, 2500, 755, 180, 0),
(300017, 26872, 2500, 755, 200, 0),
(300017, 28899, 50000, 755, 200, 35),
(300017, 34959, 3000, 755, 200, 0),
(300017, 63743, 3000, 755, 200, 0),
(300017, 26874, 5000, 755, 210, 0),
(300017, 26876, 3000, 755, 220, 0),
(300017, 26880, 3500, 755, 225, 0),
(300017, 32809, 3500, 755, 225, 0),
(300017, 36525, 4000, 755, 230, 0),
(300017, 26883, 4000, 755, 235, 0),
(300017, 26885, 5000, 755, 240, 0),
(300017, 26902, 10000, 755, 260, 0),
(300017, 36526, 10000, 755, 265, 0),
(300017, 26903, 10000, 755, 275, 0),
(300017, 28901, 100000, 755, 275, 50),
(300017, 26907, 10000, 755, 280, 0),
(300017, 26908, 12000, 755, 280, 0),
(300017, 34960, 10000, 755, 280, 0),
(300017, 26911, 15000, 755, 290, 0),
(300017, 34961, 10000, 755, 290, 0),
(300017, 28903, 10000, 755, 300, 0),
(300017, 28910, 10000, 755, 300, 0),
(300017, 28916, 10000, 755, 300, 0),
(300017, 28925, 10000, 755, 300, 0),
(300017, 28938, 10000, 755, 300, 0),
(300017, 28950, 10000, 755, 300, 0),
(300017, 62941, 10000, 755, 300, 0),
(300017, 28905, 10000, 755, 305, 0),
(300017, 28917, 10000, 755, 305, 0),
(300017, 28953, 10000, 755, 305, 0),
(300017, 34590, 10000, 755, 305, 0),
(300017, 26916, 20000, 755, 310, 0),
(300017, 31048, 20000, 755, 310, 0),
(300017, 31049, 20000, 755, 310, 0),
(300017, 28914, 10000, 755, 315, 0),
(300017, 31050, 25000, 755, 320, 0),
(300017, 28936, 10000, 755, 325, 0),
(300017, 28948, 10000, 755, 325, 0),
(300017, 34069, 10000, 755, 325, 0),
(300017, 38068, 20000, 755, 325, 0),
(300017, 41414, 10000, 755, 325, 0),
(300017, 41420, 8500, 755, 325, 0),
(300017, 41415, 10000, 755, 330, 0),
(300017, 31051, 30000, 755, 335, 0),
(300017, 31052, 30000, 755, 335, 0),
(300017, 40514, 8500, 755, 340, 0),
(300017, 41429, 10000, 755, 350, 0),
(300017, 47280, 30000, 755, 350, 0),
(300017, 51310, 350000, 755, 350, 65),
(300017, 53831, 10000, 755, 350, 0),
(300017, 53832, 10000, 755, 350, 0),
(300017, 53834, 10000, 755, 350, 0),
(300017, 53835, 10000, 755, 350, 0),
(300017, 53844, 10000, 755, 350, 0),
(300017, 53845, 10000, 755, 350, 0),
(300017, 53852, 10000, 755, 350, 0),
(300017, 53853, 10000, 755, 350, 0),
(300017, 53854, 10000, 755, 350, 0),
(300017, 53855, 10000, 755, 350, 0),
(300017, 53856, 10000, 755, 350, 0),
(300017, 53859, 10000, 755, 350, 0),
(300017, 53860, 10000, 755, 350, 0),
(300017, 53861, 10000, 755, 350, 0),
(300017, 53862, 10000, 755, 350, 0),
(300017, 53863, 10000, 755, 350, 0),
(300017, 53864, 10000, 755, 350, 0),
(300017, 53866, 10000, 755, 350, 0),
(300017, 53867, 10000, 755, 350, 0),
(300017, 53870, 10000, 755, 350, 0),
(300017, 53871, 10000, 755, 350, 0),
(300017, 53872, 10000, 755, 350, 0),
(300017, 53873, 10000, 755, 350, 0),
(300017, 53874, 10000, 755, 350, 0),
(300017, 53876, 10000, 755, 350, 0),
(300017, 53878, 10000, 755, 350, 0),
(300017, 53880, 10000, 755, 350, 0),
(300017, 53881, 10000, 755, 350, 0),
(300017, 53882, 10000, 755, 350, 0),
(300017, 53883, 10000, 755, 350, 0),
(300017, 53886, 10000, 755, 350, 0),
(300017, 53887, 10000, 755, 350, 0),
(300017, 53889, 10000, 755, 350, 0),
(300017, 53890, 10000, 755, 350, 0),
(300017, 53892, 10000, 755, 350, 0),
(300017, 53893, 10000, 755, 350, 0),
(300017, 53894, 10000, 755, 350, 0),
(300017, 53916, 10000, 755, 350, 0),
(300017, 53918, 10000, 755, 350, 0),
(300017, 53920, 10000, 755, 350, 0),
(300017, 53922, 10000, 755, 350, 0),
(300017, 53923, 10000, 755, 350, 0),
(300017, 53925, 10000, 755, 350, 0),
(300017, 53926, 10000, 755, 350, 0),
(300017, 53927, 10000, 755, 350, 0),
(300017, 53928, 10000, 755, 350, 0),
(300017, 53930, 10000, 755, 350, 0),
(300017, 53931, 10000, 755, 350, 0),
(300017, 53934, 10000, 755, 350, 0),
(300017, 53940, 10000, 755, 350, 0),
(300017, 53941, 10000, 755, 350, 0),
(300017, 54017, 10000, 755, 350, 0),
(300017, 56193, 30000, 755, 350, 0),
(300017, 56194, 30000, 755, 350, 0),
(300017, 56205, 10000, 755, 350, 0),
(300017, 58141, 30000, 755, 350, 0),
(300017, 58142, 30000, 755, 350, 0),
(300017, 53843, 10000, 755, 360, 0),
(300017, 53868, 10000, 755, 360, 0),
(300017, 53891, 10000, 755, 360, 0),
(300017, 56206, 20000, 755, 360, 0),
(300017, 56530, 20000, 755, 360, 0),
(300017, 41418, 30000, 755, 365, 0),
(300017, 56208, 20000, 755, 370, 0),
(300017, 58143, 30000, 755, 370, 0),
(300017, 58144, 30000, 755, 370, 0),
(300017, 56195, 120000, 755, 380, 0),
(300017, 56196, 80000, 755, 380, 0),
(300017, 53947, 100000, 755, 390, 0),
(300017, 53953, 100000, 755, 390, 0),
(300017, 53956, 100000, 755, 390, 0),
(300017, 53969, 100000, 755, 390, 0),
(300017, 53989, 100000, 755, 390, 0),
(300017, 54007, 100000, 755, 390, 0),
(300017, 56531, 100000, 755, 390, 0),
(300017, 58145, 50000, 755, 390, 0),
(300017, 58146, 50000, 755, 390, 0),
(300017, 56199, 150000, 755, 400, 0),
(300017, 56201, 150000, 755, 400, 0),
(300017, 56202, 150000, 755, 400, 0),
(300017, 56203, 150000, 755, 400, 0),
(300017, 59759, 150000, 755, 400, 0),
(300017, 55386, 120000, 755, 420, 0),
(300017, 55394, 120000, 755, 420, 0),
(300017, 55399, 120000, 755, 420, 0),
(300017, 55402, 120000, 755, 420, 0),
(300017, 56197, 100000, 755, 420, 0),
(300017, 64725, 100000, 755, 420, 0),
(300017, 64726, 100000, 755, 420, 0),
(300017, 64727, 100000, 755, 420, 0),
(300017, 64728, 100000, 755, 420, 0),
(300017, 62242, 150000, 755, 425, 0),
(300018, 45357, 10, 0, 0, 5),
(300018, 45375, 10, 0, 0, 5),
(300018, 58472, 50, 773, 15, 0),
(300018, 58484, 50, 773, 15, 0),
(300018, 48248, 50, 773, 35, 0),
(300018, 52739, 150, 773, 35, 0),
(300018, 52843, 50, 773, 35, 0),
(300018, 45376, 500, 773, 50, 10),
(300018, 50598, 400, 773, 75, 0),
(300018, 50605, 400, 773, 75, 0),
(300018, 50612, 400, 773, 75, 0),
(300018, 52840, 400, 773, 75, 0),
(300018, 53462, 300, 773, 75, 0),
(300018, 56991, 20000, 773, 75, 0),
(300018, 61288, 1000, 773, 75, 0),
(300018, 56955, 300, 773, 80, 0),
(300018, 56976, 300, 773, 80, 0),
(300018, 57004, 300, 773, 80, 0),
(300018, 57022, 300, 773, 80, 0),
(300018, 57114, 300, 773, 80, 0),
(300018, 57194, 300, 773, 80, 0),
(300018, 58485, 400, 773, 80, 0),
(300018, 56963, 300, 773, 85, 0),
(300018, 57162, 300, 773, 85, 0),
(300018, 57239, 300, 773, 85, 0),
(300018, 57259, 300, 773, 85, 0),
(300018, 57703, 400, 773, 85, 0),
(300018, 58473, 400, 773, 85, 0),
(300018, 56961, 400, 773, 90, 0),
(300018, 56978, 400, 773, 90, 0),
(300018, 57009, 400, 773, 90, 0),
(300018, 57027, 400, 773, 90, 0),
(300018, 57119, 400, 773, 95, 0),
(300018, 57158, 400, 773, 95, 0),
(300018, 57196, 400, 773, 95, 0),
(300018, 57246, 400, 773, 95, 0),
(300018, 57266, 400, 773, 95, 0),
(300018, 48121, 400, 773, 100, 0),
(300018, 56968, 400, 773, 100, 0),
(300018, 56995, 400, 773, 100, 0),
(300018, 57704, 400, 773, 100, 0),
(300018, 67600, 400, 773, 100, 0),
(300018, 57029, 500, 773, 105, 0),
(300018, 57120, 500, 773, 105, 0),
(300018, 57184, 500, 773, 105, 0),
(300018, 48247, 500, 773, 110, 0),
(300018, 57163, 500, 773, 110, 0),
(300018, 57238, 500, 773, 110, 0),
(300018, 57265, 500, 773, 110, 0),
(300018, 58565, 500, 773, 110, 0),
(300018, 56945, 500, 773, 115, 0),
(300018, 56971, 500, 773, 115, 0),
(300018, 56997, 500, 773, 115, 0),
(300018, 57030, 500, 773, 120, 0),
(300018, 57121, 500, 773, 120, 0),
(300018, 57186, 500, 773, 120, 0),
(300018, 45377, 5000, 773, 125, 20),
(300018, 57157, 750, 773, 125, 0),
(300018, 57240, 750, 773, 125, 0),
(300018, 57262, 750, 773, 125, 0),
(300018, 57706, 750, 773, 125, 0),
(300018, 59475, 750, 773, 125, 0),
(300018, 59478, 750, 773, 125, 0),
(300018, 59480, 750, 773, 125, 0),
(300018, 56951, 750, 773, 130, 0),
(300018, 56973, 750, 773, 130, 0),
(300018, 57005, 750, 773, 130, 0),
(300018, 57031, 750, 773, 135, 0),
(300018, 57123, 750, 773, 135, 0),
(300018, 57188, 750, 773, 135, 0),
(300018, 57167, 750, 773, 140, 0),
(300018, 57245, 750, 773, 140, 0),
(300018, 57269, 750, 773, 140, 0),
(300018, 56948, 750, 773, 150, 0),
(300018, 57007, 750, 773, 150, 0),
(300018, 57707, 750, 773, 150, 0),
(300018, 50614, 750, 773, 155, 0),
(300018, 56974, 750, 773, 155, 0),
(300018, 57032, 750, 773, 155, 0),
(300018, 50606, 750, 773, 160, 0),
(300018, 57125, 750, 773, 160, 0),
(300018, 57197, 750, 773, 160, 0),
(300018, 50599, 750, 773, 165, 0),
(300018, 57249, 750, 773, 165, 0),
(300018, 57271, 750, 773, 165, 0),
(300018, 56953, 1000, 773, 170, 0),
(300018, 57161, 1000, 773, 170, 0),
(300018, 58486, 750, 773, 170, 0),
(300018, 56981, 1000, 773, 175, 0),
(300018, 56994, 1000, 773, 175, 0),
(300018, 57708, 750, 773, 175, 0),
(300018, 58476, 750, 773, 175, 0),
(300018, 59484, 750, 773, 175, 0),
(300018, 59486, 750, 773, 175, 0),
(300018, 59487, 750, 773, 175, 0),
(300018, 57020, 1000, 773, 180, 0),
(300018, 57200, 1000, 773, 180, 0),
(300018, 57129, 3000, 773, 185, 0),
(300018, 57241, 3000, 773, 185, 0),
(300018, 57165, 3000, 773, 190, 0),
(300018, 57277, 3000, 773, 190, 0),
(300018, 45378, 50000, 773, 200, 35),
(300018, 56956, 3000, 773, 200, 0),
(300018, 57000, 3000, 773, 200, 0),
(300018, 57709, 3000, 773, 200, 0),
(300018, 59387, 3000, 773, 200, 0),
(300018, 59499, 3000, 773, 200, 0),
(300018, 60336, 3000, 773, 200, 0),
(300018, 50616, 4500, 773, 205, 0),
(300018, 56982, 4500, 773, 205, 0),
(300018, 57023, 4500, 773, 205, 0),
(300018, 50607, 4500, 773, 210, 0),
(300018, 57131, 4500, 773, 210, 0),
(300018, 57201, 4500, 773, 210, 0),
(300018, 50600, 4500, 773, 215, 0),
(300018, 57242, 4500, 773, 215, 0),
(300018, 57270, 4500, 773, 215, 0),
(300018, 56959, 4500, 773, 220, 0),
(300018, 57151, 4500, 773, 220, 0),
(300018, 58487, 4500, 773, 220, 0),
(300018, 56979, 6000, 773, 225, 0),
(300018, 57001, 6000, 773, 225, 0),
(300018, 57710, 6000, 773, 225, 0),
(300018, 58478, 4500, 773, 225, 0),
(300018, 59489, 6000, 773, 225, 0),
(300018, 59490, 6000, 773, 225, 0),
(300018, 59491, 6000, 773, 225, 0),
(300018, 57024, 6000, 773, 230, 0),
(300018, 57183, 6000, 773, 230, 0),
(300018, 57132, 6000, 773, 235, 0),
(300018, 57244, 6000, 773, 235, 0),
(300018, 59488, 6000, 773, 235, 0),
(300018, 57154, 7500, 773, 240, 0),
(300018, 57274, 7500, 773, 240, 0),
(300018, 50617, 10000, 773, 250, 0),
(300018, 57711, 10000, 773, 250, 0),
(300018, 64258, 10000, 773, 250, 0),
(300018, 64261, 10000, 773, 250, 0),
(300018, 50608, 10000, 773, 255, 0),
(300018, 64259, 10000, 773, 255, 0),
(300018, 64260, 10000, 773, 255, 0),
(300018, 64262, 10000, 773, 255, 0),
(300018, 50601, 10000, 773, 260, 0),
(300018, 56957, 10000, 773, 260, 0),
(300018, 57002, 10000, 773, 260, 0),
(300018, 57025, 10000, 773, 265, 0),
(300018, 57210, 10000, 773, 265, 0),
(300018, 58488, 10000, 773, 265, 0),
(300018, 57185, 500, 773, 270, 0),
(300018, 57216, 10000, 773, 270, 0),
(300018, 58480, 10000, 773, 270, 0),
(300018, 45379, 100000, 773, 275, 50),
(300018, 57251, 10000, 773, 275, 0),
(300018, 57272, 10000, 773, 275, 0),
(300018, 57712, 10000, 773, 275, 0),
(300018, 59493, 10000, 773, 275, 0),
(300018, 59494, 10000, 773, 275, 0),
(300018, 59502, 10000, 773, 275, 0),
(300018, 64266, 10000, 773, 275, 0),
(300018, 56985, 10000, 773, 280, 0),
(300018, 57219, 10000, 773, 280, 0),
(300018, 64267, 10000, 773, 280, 0),
(300018, 57133, 15000, 773, 285, 0),
(300018, 57156, 15000, 773, 285, 0),
(300018, 57213, 15000, 773, 285, 0),
(300018, 50618, 20000, 773, 290, 0),
(300018, 57713, 20000, 773, 290, 0),
(300018, 50609, 20000, 773, 295, 0),
(300018, 57026, 20000, 773, 300, 0),
(300018, 57221, 20000, 773, 300, 0),
(300018, 57236, 20000, 773, 300, 0),
(300018, 57122, 20000, 773, 305, 0),
(300018, 57226, 20000, 773, 305, 0),
(300018, 58489, 20000, 773, 305, 0),
(300018, 50602, 20000, 773, 310, 0),
(300018, 56952, 20000, 773, 310, 0),
(300018, 58481, 20000, 773, 310, 0),
(300018, 59338, 20000, 773, 310, 0),
(300018, 57008, 20000, 773, 315, 0),
(300018, 57187, 20000, 773, 315, 0),
(300018, 57168, 20000, 773, 320, 0),
(300018, 59339, 20000, 773, 320, 0),
(300018, 56984, 30000, 773, 325, 0),
(300018, 57275, 30000, 773, 325, 0),
(300018, 57714, 20000, 773, 325, 0),
(300018, 59495, 20000, 773, 325, 0),
(300018, 59496, 20000, 773, 325, 0),
(300018, 59503, 20000, 773, 325, 0),
(300018, 57224, 30000, 773, 330, 0),
(300018, 57252, 30000, 773, 330, 0),
(300018, 56972, 30000, 773, 335, 0),
(300018, 57033, 30000, 773, 335, 0),
(300018, 57113, 30000, 773, 340, 0),
(300018, 59340, 30000, 773, 340, 0),
(300018, 57172, 30000, 773, 345, 0),
(300018, 57227, 30000, 773, 345, 0),
(300018, 45380, 350000, 773, 350, 65),
(300018, 50619, 50000, 773, 350, 0),
(300018, 56943, 30000, 773, 350, 0),
(300018, 57003, 30000, 773, 350, 0),
(300018, 57192, 30000, 773, 350, 0),
(300018, 57222, 30000, 773, 350, 0),
(300018, 57257, 30000, 773, 350, 0),
(300018, 57715, 50000, 773, 350, 0),
(300018, 59500, 50000, 773, 350, 0),
(300018, 60337, 50000, 773, 350, 0),
(300018, 64053, 50000, 773, 350, 0),
(300018, 50610, 50000, 773, 355, 0),
(300018, 50603, 50000, 773, 360, 0),
(300018, 58490, 50000, 773, 365, 0),
(300018, 58482, 50000, 773, 370, 0),
(300018, 56980, 50000, 773, 375, 0),
(300018, 57006, 50000, 773, 375, 0),
(300018, 57036, 50000, 773, 375, 0),
(300018, 57198, 50000, 773, 375, 0),
(300018, 57225, 50000, 773, 375, 0),
(300018, 57248, 50000, 773, 375, 0),
(300018, 57716, 50000, 773, 375, 0),
(300018, 62162, 50000, 773, 375, 0),
(300018, 61177, 100000, 773, 385, 0),
(300018, 50620, 60000, 773, 400, 0),
(300018, 56987, 125000, 773, 400, 0),
(300018, 59497, 50000, 773, 400, 0),
(300018, 59498, 50000, 773, 400, 0),
(300018, 59501, 100000, 773, 400, 0),
(300018, 59504, 50000, 773, 400, 0),
(300018, 61117, 75000, 773, 400, 35),
(300018, 61118, 75000, 773, 400, 35),
(300018, 61119, 75000, 773, 400, 35),
(300018, 61120, 75000, 773, 400, 35),
(300018, 50611, 60000, 773, 405, 0),
(300018, 50604, 60000, 773, 410, 0),
(300018, 58491, 60000, 773, 415, 0),
(300018, 58483, 60000, 773, 420, 0),
(300018, 69385, 200000, 773, 440, 0),
(300019, 2372, 10, 0, 0, 0),
(300019, 2373, 500, 182, 50, 0),
(300019, 3571, 5000, 182, 125, 10),
(300019, 11994, 50000, 182, 200, 25),
(300019, 28696, 100000, 182, 275, 40),
(300019, 50301, 350000, 182, 350, 55),
(300020, 2020, 10, 0, 0, 5),
(300020, 2662, 50, 164, 1, 0),
(300020, 2737, 50, 164, 15, 0),
(300020, 2738, 50, 164, 20, 0),
(300020, 3319, 50, 164, 20, 0),
(300020, 2739, 50, 164, 25, 0),
(300020, 3320, 100, 164, 25, 0),
(300020, 8880, 100, 164, 30, 0),
(300020, 9983, 100, 164, 30, 0),
(300020, 2661, 100, 164, 35, 0),
(300020, 3293, 250, 164, 35, 0),
(300020, 3323, 100, 164, 40, 0),
(300020, 3324, 200, 164, 45, 0),
(300020, 2021, 500, 164, 50, 10),
(300020, 2665, 100, 164, 65, 0),
(300020, 3116, 100, 164, 65, 0),
(300020, 7408, 300, 164, 65, 0),
(300020, 2666, 200, 164, 70, 0),
(300020, 3294, 500, 164, 70, 0),
(300020, 3326, 250, 164, 75, 0),
(300020, 2664, 500, 164, 90, 0),
(300020, 3292, 500, 164, 95, 0),
(300020, 7817, 200, 164, 95, 0),
(300020, 7818, 100, 164, 100, 0),
(300020, 19666, 100, 164, 100, 0),
(300020, 34979, 600, 164, 100, 0),
(300020, 2668, 300, 164, 105, 0),
(300020, 2670, 500, 164, 105, 0),
(300020, 3491, 600, 164, 105, 0),
(300020, 2740, 200, 164, 110, 0),
(300020, 3328, 500, 164, 110, 0),
(300020, 6517, 800, 164, 110, 0),
(300020, 2741, 200, 164, 115, 0),
(300020, 2672, 500, 164, 120, 0),
(300020, 2742, 200, 164, 120, 0),
(300020, 2674, 1000, 164, 125, 0),
(300020, 3117, 1000, 164, 125, 0),
(300020, 3337, 1000, 164, 125, 0),
(300020, 3539, 5000, 164, 125, 20),
(300020, 9985, 250, 164, 125, 0),
(300020, 3296, 1000, 164, 130, 0),
(300020, 3331, 500, 164, 130, 0),
(300020, 9986, 500, 164, 130, 0),
(300020, 3333, 1000, 164, 135, 0),
(300020, 9987, 500, 164, 135, 0),
(300020, 2675, 1000, 164, 145, 0),
(300020, 8768, 250, 164, 150, 0),
(300020, 14379, 250, 164, 150, 0),
(300020, 19667, 250, 164, 150, 0),
(300020, 3506, 5000, 164, 155, 0),
(300020, 3501, 1000, 164, 165, 0),
(300020, 3502, 1250, 164, 170, 0),
(300020, 3508, 7500, 164, 180, 0),
(300020, 15972, 7500, 164, 180, 0),
(300020, 7223, 1000, 164, 185, 0),
(300020, 9786, 50000, 164, 200, 35),
(300020, 9916, 2500, 164, 200, 0),
(300020, 9918, 2500, 164, 200, 0),
(300020, 9920, 2500, 164, 200, 0),
(300020, 9921, 2500, 164, 200, 0),
(300020, 14380, 2500, 164, 200, 0),
(300020, 19668, 2500, 164, 200, 0),
(300020, 34981, 7500, 164, 200, 0),
(300020, 9926, 5000, 164, 205, 0),
(300020, 9928, 5000, 164, 205, 0),
(300020, 9931, 5000, 164, 210, 0),
(300020, 9993, 10000, 164, 210, 0),
(300020, 9935, 5000, 164, 215, 0),
(300020, 9959, 15000, 164, 230, 0),
(300020, 9961, 15000, 164, 230, 0),
(300020, 10001, 15000, 164, 230, 0),
(300020, 9968, 20000, 164, 235, 0),
(300020, 16639, 10000, 164, 250, 0),
(300020, 16640, 10000, 164, 250, 0),
(300020, 16641, 10000, 164, 250, 0),
(300020, 19669, 10000, 164, 275, 0),
(300020, 20201, 10000, 164, 275, 0),
(300020, 29845, 100000, 164, 275, 50),
(300020, 29545, 15000, 164, 300, 0),
(300020, 29551, 15000, 164, 300, 0),
(300020, 29654, 15000, 164, 300, 0),
(300020, 32655, 10000, 164, 300, 0),
(300020, 34607, 15000, 164, 300, 0),
(300020, 34982, 10000, 164, 300, 0),
(300020, 29547, 15000, 164, 305, 0),
(300020, 29552, 18000, 164, 310, 0),
(300020, 29557, 18000, 164, 310, 0),
(300020, 29548, 20000, 164, 315, 0),
(300020, 29549, 20000, 164, 315, 0),
(300020, 29553, 20000, 164, 315, 0),
(300020, 29558, 20000, 164, 315, 0),
(300020, 29556, 22000, 164, 320, 0),
(300020, 29565, 22000, 164, 320, 0),
(300020, 29550, 25000, 164, 325, 0),
(300020, 32284, 25000, 164, 325, 0),
(300020, 34983, 50000, 164, 350, 0),
(300020, 51298, 350000, 164, 350, 65),
(300020, 52568, 30000, 164, 350, 0),
(300020, 52569, 30000, 164, 350, 0),
(300020, 59405, 30000, 164, 350, 0),
(300020, 52572, 30000, 164, 360, 0),
(300020, 54550, 30000, 164, 360, 0),
(300020, 55834, 30000, 164, 360, 0),
(300020, 52567, 30000, 164, 370, 0),
(300020, 52571, 30000, 164, 370, 0),
(300020, 55835, 30000, 164, 370, 0),
(300020, 52570, 30000, 164, 375, 0),
(300020, 54917, 30000, 164, 375, 0),
(300020, 54918, 30000, 164, 380, 0),
(300020, 55200, 35000, 164, 380, 0),
(300020, 55201, 35000, 164, 380, 0),
(300020, 54941, 30000, 164, 385, 0),
(300020, 54944, 30000, 164, 385, 0),
(300020, 55202, 35000, 164, 385, 0),
(300020, 55203, 35000, 164, 385, 0),
(300020, 54557, 40000, 164, 390, 0),
(300020, 54945, 35000, 164, 390, 0),
(300020, 55013, 40000, 164, 390, 0),
(300020, 55174, 50000, 164, 390, 0),
(300020, 55204, 35000, 164, 390, 0),
(300020, 54551, 40000, 164, 395, 0),
(300020, 54554, 40000, 164, 395, 0),
(300020, 54946, 30000, 164, 395, 0),
(300020, 54947, 35000, 164, 395, 0),
(300020, 55055, 40000, 164, 395, 0),
(300020, 55177, 50000, 164, 395, 0),
(300020, 59436, 40000, 164, 395, 0),
(300020, 54552, 40000, 164, 400, 0),
(300020, 54553, 40000, 164, 400, 0),
(300020, 54948, 30000, 164, 400, 0),
(300020, 54949, 30000, 164, 400, 0),
(300020, 55056, 40000, 164, 400, 0),
(300020, 55179, 50000, 164, 400, 0),
(300020, 55628, 45000, 164, 400, 60),
(300020, 55641, 45000, 164, 400, 60),
(300020, 59438, 40000, 164, 400, 0),
(300020, 54555, 40000, 164, 405, 0),
(300020, 54556, 40000, 164, 405, 0),
(300020, 55057, 40000, 164, 405, 0),
(300020, 55181, 50000, 164, 405, 0),
(300020, 55206, 40000, 164, 405, 0),
(300020, 59440, 40000, 164, 405, 0),
(300020, 55014, 35000, 164, 410, 0),
(300020, 55017, 40000, 164, 410, 0),
(300020, 55182, 40000, 164, 410, 0),
(300020, 56280, 40000, 164, 410, 0),
(300020, 59442, 40000, 164, 410, 0),
(300020, 55015, 40000, 164, 415, 0),
(300020, 55058, 45000, 164, 415, 0),
(300020, 55656, 50000, 164, 415, 0),
(300020, 59441, 45000, 164, 415, 0),
(300020, 55298, 45000, 164, 420, 0),
(300020, 55300, 45000, 164, 420, 0),
(300020, 55301, 45000, 164, 420, 0),
(300020, 55305, 45000, 164, 420, 0),
(300020, 55306, 45000, 164, 420, 0),
(300020, 55307, 45000, 164, 420, 0),
(300020, 55308, 45000, 164, 420, 0),
(300020, 55309, 45000, 164, 420, 0),
(300020, 55732, 42000, 164, 420, 0),
(300020, 55839, 42000, 164, 420, 0),
(300020, 56357, 42000, 164, 420, 0),
(300020, 56549, 45000, 164, 420, 0),
(300020, 56550, 45000, 164, 420, 0),
(300020, 56551, 45000, 164, 420, 0),
(300020, 56552, 45000, 164, 420, 0),
(300020, 56553, 45000, 164, 420, 0),
(300020, 61009, 120000, 164, 420, 0),
(300020, 61010, 120000, 164, 420, 0),
(300020, 55302, 45000, 164, 425, 0),
(300020, 55303, 45000, 164, 425, 0),
(300020, 55304, 45000, 164, 425, 0),
(300020, 55310, 45000, 164, 425, 0),
(300020, 55311, 45000, 164, 425, 0),
(300020, 55312, 45000, 164, 425, 0),
(300020, 56554, 45000, 164, 425, 0),
(300020, 56555, 45000, 164, 425, 0),
(300020, 56556, 45000, 164, 425, 0),
(300020, 61008, 120000, 164, 425, 0),
(300020, 59406, 45000, 164, 430, 0),
(300020, 55369, 180000, 164, 440, 0),
(300020, 55370, 150000, 164, 440, 0),
(300020, 55371, 150000, 164, 440, 0),
(300020, 55372, 120000, 164, 440, 0),
(300020, 55373, 120000, 164, 440, 0),
(300020, 55374, 120000, 164, 440, 0),
(300020, 55375, 120000, 164, 440, 0),
(300020, 55376, 120000, 164, 440, 0),
(300020, 55377, 120000, 164, 440, 0),
(300020, 56234, 150000, 164, 440, 0),
(300020, 56400, 150000, 164, 440, 0),
(300020, 63182, 150000, 164, 440, 0),
(300021, 55208, 200000, 186, 450, 0),
(300021, 55211, 200000, 186, 450, 0),
(300021, 49258, 150000, 186, 400, 0),
(300021, 29361, 100000, 186, 375, 0),
(300021, 29686, 100000, 186, 375, 0),
(300021, 29359, 40000, 186, 350, 0),
(300021, 29360, 40000, 186, 350, 0),
(300021, 49252, 100000, 186, 350, 0),
(300021, 50309, 350000, 186, 350, 55),
(300021, 29358, 40000, 186, 325, 0),
(300021, 29356, 40000, 186, 300, 0),
(300021, 35750, 10000, 186, 300, 0),
(300021, 35751, 10000, 186, 300, 0),
(300021, 29355, 100000, 186, 275, 40),
(300021, 16153, 20000, 186, 250, 0),
(300021, 70524, 10000, 186, 250, 0),
(300021, 10098, 10000, 186, 230, 0),
(300021, 10249, 50000, 186, 200, 25),
(300021, 10097, 5000, 186, 175, 0),
(300021, 3569, 2500, 186, 165, 0),
(300021, 3308, 2500, 186, 155, 0),
(300021, 3307, 500, 186, 125, 0),
(300021, 3568, 5000, 186, 125, 10),
(300021, 2658, 200, 186, 75, 0),
(300021, 2659, 200, 186, 65, 0),
(300021, 3304, 50, 186, 65, 0),
(300021, 2582, 500, 186, 50, 0),
(300021, 2581, 10, 0, 0, 0),
(300022, 7733, 100, 0, 0, 5),
(300022, 7734, 500, 356, 50, 10),
(300022, 54083, 10000, 356, 125, 10),
(300022, 18249, 25000, 356, 200, 10),
(300022, 54084, 100000, 356, 275, 10),
(300022, 51293, 350000, 356, 350, 10),
(300023, 56479, 200000, 202, 450, 0),
(300023, 60874, 200000, 202, 450, 0),
(300023, 56480, 150000, 202, 440, 0),
(300023, 56481, 150000, 202, 440, 0),
(300023, 56483, 150000, 202, 440, 0),
(300023, 56484, 150000, 202, 440, 0),
(300023, 56486, 150000, 202, 440, 0),
(300023, 56487, 150000, 202, 440, 0),
(300023, 56574, 150000, 202, 440, 0),
(300023, 62271, 150000, 202, 440, 0),
(300023, 56462, 150000, 202, 435, 0),
(300023, 67920, 150000, 202, 435, 0),
(300023, 56478, 200000, 202, 430, 0),
(300023, 56469, 150000, 202, 425, 0),
(300023, 56470, 150000, 202, 425, 0),
(300023, 56472, 150000, 202, 425, 0),
(300023, 56465, 125000, 202, 420, 0),
(300023, 56466, 125000, 202, 420, 0),
(300023, 56467, 125000, 202, 420, 0),
(300023, 61481, 125000, 202, 420, 0),
(300023, 61482, 125000, 202, 420, 0),
(300023, 61483, 125000, 202, 420, 0),
(300023, 56475, 125000, 202, 415, 0),
(300023, 56477, 125000, 202, 415, 0),
(300023, 56474, 125000, 202, 410, 0),
(300023, 56476, 125000, 202, 410, 0),
(300023, 67326, 100000, 202, 410, 0),
(300023, 67839, 100000, 202, 410, 0),
(300023, 55016, 125000, 202, 405, 0),
(300023, 56468, 125000, 202, 405, 0),
(300023, 54353, 125000, 202, 400, 0),
(300023, 54998, 125000, 202, 400, 0),
(300023, 54999, 125000, 202, 400, 0),
(300023, 63770, 125000, 202, 400, 0),
(300023, 54736, 100000, 202, 390, 0),
(300023, 56471, 100000, 202, 390, 0),
(300023, 61471, 100000, 202, 390, 0),
(300023, 54793, 100000, 202, 380, 0),
(300023, 55002, 100000, 202, 380, 0),
(300023, 63765, 100000, 202, 380, 0),
(300023, 41307, 50000, 202, 375, 0),
(300023, 56459, 100000, 202, 375, 0),
(300023, 56461, 50000, 202, 375, 0),
(300023, 56463, 100000, 202, 375, 0),
(300023, 56464, 100000, 202, 375, 0),
(300023, 40274, 50000, 202, 350, 0),
(300023, 41311, 50000, 202, 350, 0),
(300023, 41312, 50000, 202, 350, 0),
(300023, 41314, 50000, 202, 350, 0),
(300023, 41315, 50000, 202, 350, 0),
(300023, 41316, 50000, 202, 350, 0),
(300023, 41317, 50000, 202, 350, 0),
(300023, 41318, 50000, 202, 350, 0),
(300023, 41319, 50000, 202, 350, 0),
(300023, 41320, 50000, 202, 350, 0),
(300023, 41321, 50000, 202, 350, 0),
(300023, 51305, 350000, 202, 350, 65),
(300023, 53281, 50000, 202, 350, 0),
(300023, 56349, 50000, 202, 350, 0),
(300023, 56460, 50000, 202, 350, 0),
(300023, 30307, 50000, 202, 340, 0),
(300023, 30308, 50000, 202, 340, 0),
(300023, 30309, 50000, 202, 340, 0),
(300023, 39971, 20000, 202, 335, 0),
(300023, 30306, 20000, 202, 325, 0),
(300023, 30311, 25000, 202, 325, 0),
(300023, 30312, 20000, 202, 320, 0),
(300023, 30346, 15000, 202, 310, 0),
(300023, 30303, 10000, 202, 300, 0),
(300023, 30304, 10000, 202, 300, 0),
(300023, 30305, 10000, 202, 300, 0),
(300023, 30310, 15000, 202, 300, 0),
(300023, 44155, 60000, 202, 300, 60),
(300023, 19825, 20000, 202, 290, 0),
(300023, 19800, 10000, 202, 285, 0),
(300023, 19795, 10000, 202, 275, 0),
(300023, 30351, 100000, 202, 275, 50),
(300023, 19794, 20000, 202, 270, 0),
(300023, 19790, 10000, 202, 260, 0),
(300023, 19791, 5000, 202, 260, 0),
(300023, 19792, 10000, 202, 260, 0),
(300023, 23071, 5000, 202, 260, 0),
(300023, 19567, 4000, 202, 250, 0),
(300023, 19788, 4000, 202, 250, 0),
(300023, 23070, 5000, 202, 250, 0),
(300023, 63750, 5000, 202, 250, 0),
(300023, 12621, 2800, 202, 245, 0),
(300023, 12622, 2800, 202, 245, 0),
(300023, 12619, 2400, 202, 235, 0),
(300023, 12618, 2200, 202, 230, 0),
(300023, 12615, 2500, 202, 225, 0),
(300023, 12599, 1800, 202, 215, 0),
(300023, 12603, 1800, 202, 215, 0),
(300023, 12596, 1700, 202, 210, 0),
(300023, 12594, 1600, 202, 205, 0),
(300023, 12595, 1600, 202, 205, 0),
(300023, 12591, 1500, 202, 200, 0),
(300023, 12657, 50000, 202, 200, 35),
(300023, 15255, 1500, 202, 200, 0),
(300023, 12589, 1300, 202, 195, 0),
(300023, 3967, 1400, 202, 190, 0),
(300023, 3965, 1200, 202, 185, 0),
(300023, 3962, 1000, 202, 175, 0),
(300023, 3963, 1000, 202, 175, 0),
(300023, 12585, 1000, 202, 175, 0),
(300023, 12586, 1000, 202, 175, 0),
(300023, 12590, 1000, 202, 175, 0),
(300023, 3961, 900, 202, 170, 0),
(300023, 3958, 800, 202, 160, 0),
(300023, 3955, 750, 202, 150, 0),
(300023, 3956, 750, 202, 150, 0),
(300023, 9271, 500, 202, 150, 0),
(300023, 12584, 1000, 202, 150, 0),
(300023, 3953, 600, 202, 145, 0),
(300023, 3950, 600, 202, 140, 0),
(300023, 6458, 400, 202, 135, 0),
(300023, 3949, 550, 202, 130, 0),
(300023, 3942, 500, 202, 125, 0),
(300023, 3945, 500, 202, 125, 0),
(300023, 3946, 500, 202, 125, 0),
(300023, 3947, 300, 202, 125, 0),
(300023, 4041, 5000, 202, 125, 20),
(300023, 3941, 500, 202, 120, 0),
(300023, 3978, 475, 202, 110, 0),
(300023, 3936, 420, 202, 105, 0),
(300023, 3937, 450, 202, 105, 0),
(300023, 3938, 450, 202, 105, 0),
(300023, 3934, 400, 202, 100, 0),
(300023, 8334, 300, 202, 100, 0),
(300023, 3973, 300, 202, 90, 0),
(300023, 3932, 300, 202, 85, 0),
(300023, 3929, 250, 202, 75, 0),
(300023, 3930, 250, 202, 75, 0),
(300023, 3931, 250, 202, 75, 0),
(300023, 3926, 225, 202, 65, 0),
(300023, 3977, 200, 202, 60, 0),
(300023, 3924, 150, 202, 50, 0),
(300023, 3925, 150, 202, 50, 0),
(300023, 4040, 500, 202, 50, 10),
(300023, 7430, 150, 202, 50, 0),
(300023, 3922, 115, 202, 30, 0),
(300023, 3923, 130, 202, 30, 0),
(300023, 4039, 10, 0, 0, 5),
(300024, 2155, 10, 0, 0, 5),
(300024, 2154, 500, 165, 50, 10),
(300024, 3812, 5000, 165, 125, 20),
(300024, 10663, 50000, 165, 200, 35),
(300024, 32550, 100000, 165, 275, 50),
(300024, 50962, 50000, 165, 350, 0),
(300024, 51301, 350000, 165, 350, 65),
(300024, 64661, 50000, 165, 350, 0),
(300024, 50939, 30000, 165, 370, 0),
(300024, 50941, 30000, 165, 370, 0),
(300024, 50944, 30000, 165, 370, 0),
(300024, 50948, 30000, 165, 370, 0),
(300024, 50951, 30000, 165, 370, 0),
(300024, 50955, 30000, 165, 370, 0),
(300024, 50957, 30000, 165, 370, 0),
(300024, 50959, 30000, 165, 370, 0),
(300024, 50938, 30000, 165, 375, 0),
(300024, 50942, 30000, 165, 375, 0),
(300024, 50945, 30000, 165, 375, 0),
(300024, 50947, 30000, 165, 375, 0),
(300024, 50950, 30000, 165, 375, 0),
(300024, 50952, 30000, 165, 375, 0),
(300024, 50956, 30000, 165, 375, 0),
(300024, 50961, 30000, 165, 375, 0),
(300024, 50940, 30000, 165, 380, 0),
(300024, 50943, 30000, 165, 380, 0),
(300024, 50946, 30000, 165, 380, 0),
(300024, 50949, 30000, 165, 380, 0),
(300024, 50953, 30000, 165, 380, 0),
(300024, 50954, 30000, 165, 380, 0),
(300024, 50958, 30000, 165, 380, 0),
(300024, 50960, 30000, 165, 380, 0),
(300024, 60631, 80000, 165, 380, 0),
(300024, 51571, 30000, 165, 385, 0),
(300024, 51572, 30000, 165, 385, 0),
(300024, 60599, 30000, 165, 385, 0),
(300024, 60600, 30000, 165, 385, 0),
(300024, 60607, 30000, 165, 385, 0),
(300024, 60608, 30000, 165, 385, 0),
(300024, 60622, 30000, 165, 385, 0),
(300024, 60624, 30000, 165, 385, 0),
(300024, 50936, 80000, 165, 390, 0),
(300024, 50963, 80000, 165, 395, 0),
(300024, 51569, 80000, 165, 395, 0),
(300024, 51570, 80000, 165, 395, 0),
(300024, 55199, 80000, 165, 395, 0),
(300024, 60601, 80000, 165, 395, 0),
(300024, 60604, 80000, 165, 395, 0),
(300024, 60611, 80000, 165, 395, 0),
(300024, 60613, 80000, 165, 395, 0),
(300024, 60627, 80000, 165, 395, 0),
(300024, 60629, 80000, 165, 395, 0),
(300024, 50966, 50000, 165, 400, 0),
(300024, 51568, 100000, 165, 400, 0),
(300024, 57683, 70000, 165, 400, 0),
(300024, 57690, 70000, 165, 400, 0),
(300024, 57691, 70000, 165, 400, 0),
(300024, 60584, 50000, 165, 400, 0),
(300024, 60605, 100000, 165, 400, 0),
(300024, 60620, 100000, 165, 400, 0),
(300024, 60630, 80000, 165, 400, 0),
(300024, 50964, 50000, 165, 405, 0),
(300024, 60583, 50000, 165, 405, 0),
(300024, 60643, 50000, 165, 415, 0),
(300024, 60651, 100000, 165, 420, 0),
(300024, 60652, 100000, 165, 420, 0),
(300024, 60658, 200000, 165, 420, 0),
(300024, 60665, 100000, 165, 420, 0),
(300024, 60666, 80000, 165, 420, 0),
(300024, 60671, 100000, 165, 420, 0),
(300024, 50965, 80000, 165, 425, 0),
(300024, 50967, 80000, 165, 425, 0),
(300024, 60649, 100000, 165, 425, 0),
(300024, 60655, 200000, 165, 425, 0),
(300024, 60660, 100000, 165, 425, 0),
(300024, 60669, 100000, 165, 425, 0),
(300024, 62448, 80000, 165, 425, 0),
(300024, 60637, 200000, 165, 440, 0),
(300024, 60640, 200000, 165, 440, 0),
(300024, 69386, 200000, 165, 450, 0),
(300024, 69388, 200000, 165, 450, 0),
(300024, 2155, 10, 0, 0, 5),
(300024, 2153, 50, 165, 15, 0),
(300024, 3753, 75, 165, 25, 0),
(300024, 9060, 100, 165, 30, 0),
(300024, 9062, 100, 165, 30, 0),
(300024, 3816, 50, 165, 35, 0),
(300024, 2160, 100, 165, 40, 0),
(300024, 2154, 500, 165, 50, 10),
(300024, 2161, 100, 165, 55, 0),
(300024, 3756, 150, 165, 55, 0),
(300024, 2162, 100, 165, 60, 0),
(300024, 9065, 150, 165, 70, 0),
(300024, 3759, 200, 165, 75, 0),
(300024, 3763, 300, 165, 80, 0),
(300024, 2159, 250, 165, 85, 0),
(300024, 3761, 350, 165, 85, 0),
(300024, 9068, 400, 165, 95, 0),
(300024, 2165, 250, 165, 100, 0),
(300024, 2167, 350, 165, 100, 0),
(300024, 3817, 200, 165, 100, 0),
(300024, 20648, 500, 165, 100, 0),
(300024, 2168, 350, 165, 110, 0),
(300024, 7135, 400, 165, 115, 0),
(300024, 2166, 450, 165, 120, 0),
(300024, 9074, 500, 165, 120, 0),
(300024, 3766, 400, 165, 125, 0),
(300024, 3812, 5000, 165, 125, 20),
(300024, 9145, 500, 165, 125, 0),
(300024, 3768, 500, 165, 130, 0),
(300024, 3770, 500, 165, 135, 0),
(300024, 3764, 500, 165, 145, 0),
(300024, 3760, 600, 165, 150, 0),
(300024, 3780, 750, 165, 150, 0),
(300024, 3818, 500, 165, 150, 0),
(300024, 9193, 500, 165, 150, 0),
(300024, 9194, 500, 165, 150, 0),
(300024, 20649, 1000, 165, 150, 0),
(300024, 3774, 1000, 165, 160, 0),
(300024, 7147, 1000, 165, 160, 0),
(300024, 7151, 1200, 165, 175, 0),
(300024, 9196, 1500, 165, 175, 0),
(300024, 3776, 1200, 165, 180, 0),
(300024, 9198, 2000, 165, 180, 0),
(300024, 9201, 2000, 165, 185, 0),
(300024, 6661, 2000, 165, 190, 0),
(300024, 7156, 2400, 165, 190, 0),
(300024, 9206, 2500, 165, 195, 0),
(300024, 10482, 2000, 165, 200, 0),
(300024, 10487, 2000, 165, 200, 0),
(300024, 10663, 50000, 165, 200, 35),
(300024, 20650, 4000, 165, 200, 0),
(300024, 10499, 3000, 165, 205, 0),
(300024, 10507, 3000, 165, 205, 0),
(300024, 10511, 3000, 165, 210, 0),
(300024, 10518, 3500, 165, 210, 0),
(300024, 14930, 4000, 165, 225, 0),
(300024, 14932, 4000, 165, 225, 0),
(300024, 10548, 4000, 165, 230, 0),
(300024, 10552, 4000, 165, 230, 0),
(300024, 10556, 4500, 165, 235, 0),
(300024, 10558, 4500, 165, 235, 0),
(300024, 19047, 5000, 165, 250, 0),
(300024, 19058, 5000, 165, 250, 0),
(300024, 22331, 5000, 165, 250, 0),
(300024, 19052, 10000, 165, 265, 0),
(300024, 19055, 10000, 165, 270, 0),
(300024, 19065, 10000, 165, 275, 0),
(300024, 19071, 10000, 165, 280, 0),
(300024, 19072, 10000, 165, 280, 0),
(300024, 19082, 15000, 165, 290, 0),
(300024, 19083, 15000, 165, 290, 0),
(300024, 19091, 15000, 165, 300, 0),
(300024, 19092, 15000, 165, 300, 0),
(300024, 19098, 15000, 165, 300, 0),
(300024, 19102, 15000, 165, 300, 0),
(300024, 19103, 15000, 165, 300, 0),
(300025, 56024, 200000, 197, 440, 0),
(300025, 56026, 200000, 197, 440, 0),
(300025, 56028, 200000, 197, 440, 0),
(300025, 56025, 200000, 197, 435, 0),
(300025, 56027, 200000, 197, 435, 0),
(300025, 56029, 200000, 197, 435, 0),
(300025, 56018, 100000, 197, 425, 0),
(300025, 56021, 100000, 197, 425, 0),
(300025, 60971, 150000, 197, 425, 0),
(300025, 60993, 180000, 197, 425, 0),
(300025, 55642, 125000, 197, 420, 0),
(300025, 55769, 125000, 197, 420, 0),
(300025, 55777, 125000, 197, 420, 0),
(300025, 55941, 125000, 197, 420, 0),
(300025, 56019, 100000, 197, 420, 0),
(300025, 56020, 100000, 197, 420, 0),
(300025, 56022, 100000, 197, 420, 0),
(300025, 56023, 100000, 197, 420, 0),
(300025, 59584, 100000, 197, 420, 0),
(300025, 59585, 100000, 197, 420, 0),
(300025, 59586, 100000, 197, 420, 0),
(300025, 59587, 100000, 197, 420, 0),
(300025, 59588, 120000, 197, 420, 0),
(300025, 59589, 120000, 197, 420, 0),
(300025, 60990, 180000, 197, 420, 0),
(300025, 60994, 180000, 197, 420, 0),
(300025, 55925, 125000, 197, 415, 0),
(300025, 55943, 125000, 197, 415, 0),
(300025, 56001, 100000, 197, 415, 0),
(300025, 56002, 100000, 197, 415, 0),
(300025, 56003, 100000, 197, 415, 0),
(300025, 59582, 100000, 197, 415, 0),
(300025, 59583, 100000, 197, 415, 0),
(300025, 55923, 100000, 197, 410, 0),
(300025, 55924, 125000, 197, 410, 0),
(300025, 56007, 80000, 197, 410, 0),
(300025, 56048, 125000, 197, 410, 0),
(300025, 55921, 100000, 197, 405, 0),
(300025, 55922, 100000, 197, 405, 0),
(300025, 56034, 100000, 197, 405, 0),
(300025, 56039, 100000, 197, 405, 0),
(300025, 64730, 100000, 197, 405, 0),
(300025, 55900, 125000, 197, 400, 0),
(300025, 55920, 50000, 197, 400, 0),
(300025, 55995, 50000, 197, 400, 0),
(300025, 56000, 50000, 197, 400, 0),
(300025, 56008, 100000, 197, 400, 0),
(300025, 56010, 100000, 197, 400, 0),
(300025, 64729, 100000, 197, 400, 0),
(300025, 55901, 50000, 197, 395, 0),
(300025, 55914, 50000, 197, 395, 0),
(300025, 55919, 100000, 197, 395, 0),
(300025, 56015, 100000, 197, 395, 0),
(300025, 55911, 80000, 197, 390, 0),
(300025, 56014, 100000, 197, 390, 0),
(300025, 55910, 80000, 197, 385, 0),
(300025, 55913, 80000, 197, 385, 0),
(300025, 55907, 50000, 197, 380, 0),
(300025, 56030, 50000, 197, 380, 0),
(300025, 55906, 50000, 197, 375, 0),
(300025, 55908, 50000, 197, 370, 0),
(300025, 55898, 50000, 197, 360, 0),
(300025, 55903, 50000, 197, 360, 0),
(300025, 55904, 50000, 197, 360, 0),
(300025, 51308, 350000, 197, 350, 65),
(300025, 55899, 50000, 197, 350, 0),
(300025, 55902, 50000, 197, 350, 0),
(300025, 56031, 50000, 197, 350, 0),
(300025, 26772, 20000, 197, 335, 0),
(300025, 26771, 20000, 197, 325, 0),
(300025, 26770, 20000, 197, 320, 0),
(300025, 26746, 15000, 197, 315, 0),
(300025, 26764, 15000, 197, 310, 0),
(300025, 26765, 15000, 197, 310, 0),
(300025, 18446, 15000, 197, 300, 0),
(300025, 18449, 15000, 197, 300, 0),
(300025, 18450, 15000, 197, 300, 0),
(300025, 18451, 15000, 197, 300, 0),
(300025, 18453, 15000, 197, 300, 0),
(300025, 26745, 20000, 197, 300, 0),
(300025, 31460, 20000, 197, 300, 0),
(300025, 60969, 750000, 197, 300, 0),
(300025, 18444, 15000, 197, 295, 0),
(300025, 18441, 15000, 197, 290, 0),
(300025, 18442, 15000, 197, 290, 0),
(300025, 18437, 15000, 197, 285, 0),
(300025, 18438, 15000, 197, 285, 0),
(300025, 18423, 15000, 197, 280, 0),
(300025, 18424, 10000, 197, 280, 0),
(300025, 18416, 12500, 197, 275, 0),
(300025, 18417, 12500, 197, 275, 0),
(300025, 18420, 12500, 197, 275, 0),
(300025, 18421, 12500, 197, 275, 0),
(300025, 26791, 100000, 197, 275, 50),
(300025, 18413, 10000, 197, 270, 0),
(300025, 18414, 10000, 197, 270, 0),
(300025, 18415, 10000, 197, 270, 0),
(300025, 18409, 10000, 197, 265, 0),
(300025, 18410, 10000, 197, 265, 0),
(300025, 18411, 10000, 197, 265, 0),
(300025, 18406, 10000, 197, 260, 0),
(300025, 18407, 10000, 197, 260, 0),
(300025, 18402, 10000, 197, 255, 0),
(300025, 18403, 10000, 197, 255, 0),
(300025, 12092, 7500, 197, 250, 0),
(300025, 18401, 10000, 197, 250, 0),
(300025, 12088, 7500, 197, 245, 0),
(300025, 12077, 5000, 197, 235, 0),
(300025, 12079, 6500, 197, 235, 0),
(300025, 12072, 6000, 197, 230, 0),
(300025, 12073, 6000, 197, 230, 0),
(300025, 12074, 6000, 197, 230, 0),
(300025, 12065, 5000, 197, 225, 0),
(300025, 12067, 5000, 197, 225, 0),
(300025, 12069, 5000, 197, 225, 0),
(300025, 12070, 5000, 197, 225, 0),
(300025, 12053, 5000, 197, 215, 0),
(300025, 12061, 2500, 197, 215, 0),
(300025, 8804, 5000, 197, 210, 0),
(300025, 12050, 4000, 197, 210, 0),
(300025, 12048, 4000, 197, 205, 0),
(300025, 12049, 4000, 197, 205, 0),
(300025, 12181, 50000, 197, 200, 35),
(300025, 8799, 3000, 197, 195, 0),
(300025, 8770, 1000, 197, 190, 0),
(300025, 3861, 1000, 197, 185, 0),
(300025, 8791, 2500, 197, 185, 0),
(300025, 8774, 1000, 197, 180, 0),
(300025, 3865, 1000, 197, 175, 0),
(300025, 8489, 750, 197, 175, 0),
(300025, 8766, 1000, 197, 175, 0),
(300025, 8772, 1000, 197, 175, 0),
(300025, 3871, 500, 197, 170, 0),
(300025, 8764, 900, 197, 170, 0),
(300025, 8483, 500, 197, 160, 0),
(300025, 8762, 750, 197, 160, 0),
(300025, 3813, 800, 197, 150, 0),
(300025, 3859, 750, 197, 150, 0),
(300025, 8760, 600, 197, 145, 0),
(300025, 8758, 600, 197, 140, 0),
(300025, 6690, 1000, 197, 135, 0),
(300025, 3852, 750, 197, 130, 0),
(300025, 3839, 500, 197, 125, 0),
(300025, 3855, 750, 197, 125, 0),
(300025, 3913, 5000, 197, 125, 20),
(300025, 63742, 750, 197, 125, 0),
(300025, 3848, 500, 197, 110, 0),
(300025, 3850, 500, 197, 110, 0),
(300025, 3866, 250, 197, 110, 0),
(300025, 8467, 250, 197, 110, 0),
(300025, 2406, 200, 197, 100, 0),
(300025, 2401, 300, 197, 95, 0),
(300025, 6521, 400, 197, 90, 0),
(300025, 2399, 300, 197, 85, 0),
(300025, 3843, 400, 197, 85, 0),
(300025, 3757, 200, 197, 80, 0),
(300025, 3845, 300, 197, 80, 0),
(300025, 2402, 250, 197, 75, 0),
(300025, 2964, 100, 197, 75, 0),
(300025, 12046, 300, 197, 75, 0),
(300025, 2395, 300, 197, 70, 0),
(300025, 2396, 200, 197, 70, 0),
(300025, 3842, 300, 197, 70, 0),
(300025, 2386, 200, 197, 65, 0),
(300025, 2397, 200, 197, 60, 0),
(300025, 3841, 200, 197, 60, 0),
(300025, 3912, 500, 197, 50, 10),
(300025, 3755, 100, 197, 45, 0),
(300025, 2392, 50, 197, 40, 0),
(300025, 2394, 50, 197, 40, 0),
(300025, 8465, 50, 197, 40, 0),
(300025, 3840, 100, 197, 35, 0),
(300025, 3914, 50, 197, 30, 0),
(300025, 7623, 50, 197, 30, 0),
(300025, 7624, 50, 197, 30, 0),
(300025, 12045, 50, 197, 20, 0),
(300025, 8776, 50, 197, 15, 0),
(300025, 2385, 50, 197, 10, 0),
(300025, 2393, 25, 197, 1, 0),
(300025, 3911, 10, 0, 0, 5),
(300026, 3279, 100, 0, 0, 0),
(300026, 3276, 100, 129, 40, 0),
(300026, 3280, 500, 129, 50, 0),
(300026, 3277, 250, 129, 80, 0),
(300026, 7934, 250, 129, 80, 0),
(300026, 3278, 1000, 129, 115, 0),
(300026, 54254, 1000, 129, 125, 0),
(300026, 7928, 5000, 129, 150, 0),
(300026, 7929, 5000, 129, 180, 0),
(300026, 10847, 25000, 129, 200, 35),
(300026, 10840, 10000, 129, 210, 0),
(300026, 10841, 10000, 129, 240, 0),
(300026, 18629, 20000, 129, 260, 0),
(300026, 54255, 100000, 129, 275, 0),
(300026, 18630, 20000, 129, 290, 0),
(300026, 27032, 20000, 129, 300, 0),
(300026, 27033, 40000, 129, 330, 0),
(300026, 45545, 40000, 129, 350, 0),
(300026, 50299, 350000, 129, 350, 0),
(300027, 8615, 10, 0, 0, 0),
(300027, 8619, 500, 393, 50, 0),
(300027, 8620, 5000, 393, 125, 10),
(300027, 10769, 50000, 393, 200, 25),
(300027, 32679, 100000, 393, 275, 40),
(300027, 50307, 350000, 393, 350, 55),
(300028, 2275, 10, 0, 0, 5),
(300028, 3170, 50, 171, 15, 0),
(300028, 2331, 100, 171, 25, 0),
(300028, 2332, 150, 171, 40, 0),
(300028, 2280, 500, 171, 50, 10),
(300028, 2334, 250, 171, 50, 0),
(300028, 53042, 1000, 171, 50, 0),
(300028, 2337, 1000, 171, 55, 0),
(300028, 7836, 250, 171, 80, 0),
(300028, 3171, 500, 171, 90, 0),
(300028, 7179, 450, 171, 90, 0),
(300028, 7841, 1000, 171, 100, 0),
(300028, 3447, 4000, 171, 110, 0),
(300028, 3173, 1500, 171, 120, 0),
(300028, 3176, 1500, 171, 125, 0),
(300028, 3465, 5000, 171, 125, 20),
(300028, 3177, 2000, 171, 130, 0),
(300028, 7837, 1000, 171, 130, 0),
(300028, 63732, 2000, 171, 135, 0),
(300028, 7845, 3000, 171, 140, 0),
(300028, 7181, 5000, 171, 155, 0),
(300028, 3452, 5000, 171, 160, 0),
(300028, 3448, 5000, 171, 165, 0),
(300028, 3450, 6000, 171, 175, 0),
(300028, 11449, 6500, 171, 185, 0),
(300028, 11450, 7500, 171, 195, 0),
(300028, 11612, 50000, 171, 200, 35),
(300028, 12609, 8000, 171, 200, 0),
(300028, 11448, 9000, 171, 205, 0),
(300028, 11451, 8000, 171, 205, 0),
(300028, 11457, 10000, 171, 215, 0),
(300028, 22808, 10000, 171, 215, 0),
(300028, 11460, 5000, 171, 230, 0),
(300028, 15833, 10000, 171, 230, 0),
(300028, 11461, 10000, 171, 235, 0),
(300028, 11465, 12000, 171, 235, 0),
(300028, 11467, 12000, 171, 240, 0),
(300028, 11478, 14000, 171, 250, 0),
(300028, 17551, 15000, 171, 250, 0),
(300028, 17552, 15000, 171, 255, 0),
(300028, 17553, 15000, 171, 260, 0),
(300028, 17555, 15000, 171, 270, 0),
(300028, 17556, 20000, 171, 275, 0),
(300028, 17557, 20000, 171, 275, 0),
(300028, 28597, 100000, 171, 275, 50),
(300028, 17572, 20000, 171, 285, 0),
(300028, 17573, 20000, 171, 285, 0),
(300028, 33732, 20000, 171, 300, 0),
(300028, 33738, 20000, 171, 300, 0),
(300028, 33740, 20000, 171, 300, 0),
(300028, 28544, 25000, 171, 305, 0),
(300028, 28545, 25000, 171, 310, 0),
(300028, 33733, 25000, 171, 310, 0),
(300028, 39636, 25000, 171, 310, 0),
(300028, 33741, 30000, 171, 315, 0),
(300028, 39638, 30000, 171, 320, 0),
(300028, 28551, 50000, 171, 325, 0),
(300028, 38070, 20000, 171, 325, 0),
(300028, 45061, 35000, 171, 325, 0),
(300028, 51303, 350000, 171, 350, 65),
(300028, 51304, 350000, 171, 350, 65),
(300028, 53838, 40000, 171, 350, 0),
(300028, 53841, 40000, 171, 355, 0),
(300028, 53839, 40000, 171, 360, 0),
(300028, 53842, 40000, 171, 365, 0),
(300028, 53812, 60000, 171, 375, 0),
(300028, 53848, 60000, 171, 375, 0),
(300028, 53899, 60000, 171, 375, 0),
(300028, 62409, 60000, 171, 375, 0),
(300028, 53900, 120000, 171, 380, 0),
(300028, 53847, 65000, 171, 385, 0),
(300028, 54218, 120000, 171, 385, 0),
(300028, 62213, 120000, 171, 385, 0),
(300028, 53898, 120000, 171, 390, 0),
(300028, 53840, 120000, 171, 395, 0),
(300028, 53905, 120000, 171, 395, 0),
(300028, 60350, 150000, 171, 395, 45),
(300028, 60367, 120000, 171, 395, 0),
(300028, 60396, 200000, 171, 400, 0),
(300028, 60403, 200000, 171, 400, 0),
(300028, 60405, 200000, 171, 400, 0),
(300028, 60893, 200000, 171, 400, 0),
(300028, 53836, 150000, 171, 405, 0),
(300028, 53837, 150000, 171, 410, 0),
(300028, 58868, 150000, 171, 410, 0),
(300028, 58871, 150000, 171, 410, 0),
(300028, 57427, 150000, 171, 425, 45),
(300028, 67025, 100000, 171, 425, 0),
(300028, 57425, 150000, 171, 430, 45),
(300028, 53901, 180000, 171, 435, 0),
(300028, 53902, 150000, 171, 435, 0),
(300028, 53903, 180000, 171, 435, 0),
(300028, 54213, 150000, 171, 435, 0),
(300028, 66658, 150000, 171, 450, 45),
(300028, 66660, 150000, 171, 450, 45),
(300028, 66662, 150000, 171, 450, 45),
(300028, 66663, 150000, 171, 450, 45),
(300028, 66664, 150000, 171, 450, 45),
(300029, 7414, 10, 0, 0, 5),
(300029, 14293, 50, 333, 10, 0),
(300029, 7420, 50, 333, 15, 0),
(300029, 7426, 100, 333, 40, 0),
(300029, 7454, 100, 333, 45, 0),
(300029, 7415, 500, 333, 50, 10),
(300029, 7457, 250, 333, 50, 0),
(300029, 7748, 250, 333, 60, 0),
(300029, 14807, 200, 333, 70, 0),
(300029, 7779, 400, 333, 80, 0),
(300029, 7771, 200, 333, 90, 0),
(300029, 7788, 500, 333, 90, 0),
(300029, 7745, 500, 333, 100, 0),
(300029, 7795, 1000, 333, 100, 0),
(300029, 13378, 600, 333, 105, 0),
(300029, 13421, 800, 333, 115, 0),
(300029, 7857, 1000, 333, 120, 0),
(300029, 7416, 5000, 333, 125, 20),
(300029, 7861, 1250, 333, 125, 0),
(300029, 7863, 1400, 333, 125, 0),
(300029, 13485, 1500, 333, 130, 0),
(300029, 13501, 1500, 333, 130, 0),
(300029, 13503, 2000, 333, 140, 0),
(300029, 13538, 2500, 333, 140, 0),
(300029, 13529, 2400, 333, 145, 0),
(300029, 13607, 2400, 333, 145, 0),
(300029, 13622, 2500, 333, 150, 0),
(300029, 13626, 2500, 333, 150, 0),
(300029, 13628, 2500, 333, 150, 0),
(300029, 13631, 2600, 333, 155, 0),
(300029, 13635, 2600, 333, 155, 0),
(300029, 14809, 2600, 333, 155, 0),
(300029, 13637, 2800, 333, 160, 0),
(300029, 13640, 2700, 333, 160, 0),
(300029, 13642, 2800, 333, 165, 0),
(300029, 13644, 2800, 333, 170, 0),
(300029, 13648, 2800, 333, 170, 0),
(300029, 13657, 3000, 333, 175, 0),
(300029, 14810, 3000, 333, 175, 0),
(300029, 13659, 3200, 333, 180, 0),
(300029, 13661, 3600, 333, 180, 0),
(300029, 13663, 3800, 333, 185, 0),
(300029, 13693, 4000, 333, 195, 0),
(300029, 13695, 4000, 333, 200, 0),
(300029, 13700, 4000, 333, 200, 0),
(300029, 13702, 4000, 333, 200, 0),
(300029, 13921, 50000, 333, 200, 35),
(300029, 13746, 4200, 333, 205, 0),
(300029, 13794, 4200, 333, 205, 0),
(300029, 13815, 4400, 333, 210, 0),
(300029, 13822, 4400, 333, 210, 0),
(300029, 13836, 4600, 333, 215, 0),
(300029, 13858, 4800, 333, 220, 0),
(300029, 13887, 5000, 333, 225, 0),
(300029, 13890, 5000, 333, 225, 0),
(300029, 63746, 5000, 333, 225, 0),
(300029, 13905, 5400, 333, 230, 0),
(300029, 13917, 5400, 333, 230, 0),
(300029, 13935, 5800, 333, 235, 0),
(300029, 13937, 6200, 333, 240, 0),
(300029, 13939, 6200, 333, 240, 0),
(300029, 13941, 6200, 333, 245, 0),
(300029, 13943, 6200, 333, 245, 0),
(300029, 13948, 6500, 333, 250, 0),
(300029, 17180, 10000, 333, 250, 0),
(300029, 17181, 10000, 333, 250, 0),
(300029, 20008, 10000, 333, 255, 0),
(300029, 20014, 10000, 333, 265, 0),
(300029, 20012, 10000, 333, 270, 0),
(300029, 20016, 15000, 333, 280, 0),
(300029, 20028, 15000, 333, 290, 0),
(300029, 20013, 20000, 333, 295, 0),
(300029, 20023, 20000, 333, 295, 0),
(300029, 27958, 50000, 333, 350, 0),
(300029, 51312, 350000, 333, 350, 65),
(300029, 60609, 50000, 333, 350, 60),
(300029, 44592, 50000, 333, 360, 60),
(300029, 60616, 50000, 333, 360, 60),
(300029, 44623, 50000, 333, 370, 60),
(300029, 32667, 50000, 333, 375, 35),
(300029, 44506, 50000, 333, 375, 60),
(300029, 44555, 50000, 333, 375, 60),
(300029, 60606, 50000, 333, 375, 60),
(300029, 60621, 80000, 333, 380, 60),
(300029, 44528, 90000, 333, 385, 60),
(300029, 60623, 90000, 333, 385, 60),
(300029, 62959, 90000, 333, 385, 60),
(300029, 44630, 80000, 333, 390, 60),
(300029, 44492, 100000, 333, 395, 60),
(300029, 44500, 100000, 333, 395, 60),
(300029, 44513, 100000, 333, 395, 60),
(300029, 44582, 100000, 333, 395, 60),
(300029, 44629, 100000, 333, 395, 60),
(300029, 44635, 100000, 333, 395, 60),
(300029, 60653, 100000, 333, 395, 60),
(300029, 44616, 100000, 333, 400, 60),
(300029, 44636, 100000, 333, 400, 0),
(300029, 44645, 100000, 333, 400, 0),
(300029, 47766, 100000, 333, 400, 60),
(300029, 59636, 100000, 333, 400, 0),
(300029, 44484, 150000, 333, 405, 60),
(300029, 44584, 150000, 333, 405, 60),
(300029, 44488, 150000, 333, 410, 60),
(300029, 44508, 150000, 333, 410, 60),
(300029, 44510, 150000, 333, 410, 60),
(300029, 44633, 150000, 333, 410, 60),
(300029, 44529, 150000, 333, 415, 60),
(300029, 44589, 150000, 333, 415, 60),
(300029, 44598, 150000, 333, 415, 60),
(300029, 44489, 150000, 333, 420, 60),
(300029, 44509, 150000, 333, 420, 60),
(300029, 44593, 150000, 333, 420, 60),
(300029, 60663, 150000, 333, 420, 60),
(300029, 47900, 150000, 333, 425, 60),
(300029, 60619, 150000, 333, 425, 0),
(300029, 60668, 150000, 333, 425, 60),
(300029, 60767, 100000, 333, 440, 60),
(300029, 69412, 150000, 333, 445, 0);

REPLACE INTO `npc_trainer` (entry, spell, spellcost, reqskill, reqskillvalue, reqlevel) VALUES 
(300001, 23161, 200000, 0, 150, 40),
(300001, 126, 2500, 0, 0, 22),
(300001, 132, 4000, 0, 0, 26),
(300001, 172, 100, 0, 0, 4),
(300001, 348, 10, 0, 0, 1),
(300001, 603, 26000, 0, 0, 60),
(300001, 689, 900, 0, 0, 14),
(300001, 693, 1500, 0, 0, 18),
(300001, 695, 100, 0, 0, 6),
(300001, 696, 300, 0, 0, 10),
(300001, 698, 2000, 0, 0, 20),
(300001, 699, 2500, 0, 0, 22),
(300001, 702, 100, 0, 0, 4),
(300001, 705, 600, 0, 0, 12),
(300001, 706, 2000, 0, 0, 20),
(300001, 707, 300, 0, 0, 10),
(300001, 709, 6000, 0, 0, 30),
(300001, 710, 5000, 0, 0, 28),
(300001, 755, 600, 0, 0, 12),
(300001, 980, 200, 0, 0, 8),
(300001, 1014, 1500, 0, 0, 18),
(300001, 1086, 6000, 0, 0, 30),
(300001, 1088, 2000, 0, 0, 20),
(300001, 1094, 2000, 0, 0, 20),
(300001, 1098, 6000, 0, 0, 30),
(300001, 1106, 5000, 0, 0, 28),
(300001, 1108, 600, 0, 0, 12),
(300001, 1120, 300, 0, 0, 10),
(300001, 1454, 100, 0, 0, 6),
(300001, 1455, 1080, 0, 0, 16),
(300001, 1456, 3600, 0, 0, 26),
(300001, 1490, 7000, 0, 0, 32),
(300001, 1710, 3500, 0, 0, 20),
(300001, 1714, 4000, 0, 0, 26),
(300001, 1949, 6000, 0, 0, 30),
(300001, 2362, 9000, 0, 0, 36),
(300001, 2941, 6000, 0, 0, 30),
(300001, 3698, 2000, 0, 0, 20),
(300001, 3699, 5000, 0, 0, 28),
(300001, 3700, 9000, 0, 0, 36),
(300001, 5138, 3000, 0, 0, 24),
(300001, 5484, 11000, 0, 0, 40),
(300001, 5500, 3000, 0, 0, 24),
(300001, 5676, 1500, 0, 0, 18),
(300001, 5697, 1200, 0, 0, 16),
(300001, 5699, 8000, 0, 0, 34),
(300001, 5740, 2000, 0, 0, 20),
(300001, 5782, 200, 0, 0, 8),
(300001, 6201, 300, 0, 0, 10),
(300001, 6202, 2500, 0, 0, 22),
(300001, 6205, 2500, 0, 0, 22),
(300001, 6213, 7000, 0, 0, 32),
(300001, 6215, 22000, 0, 0, 56),
(300001, 6217, 5000, 0, 0, 28),
(300001, 6219, 8000, 0, 0, 34),
(300001, 6222, 900, 0, 0, 14),
(300001, 6223, 3000, 0, 0, 24),
(300001, 6229, 7000, 0, 0, 32),
(300001, 6353, 14000, 0, 0, 48),
(300001, 6366, 5000, 0, 0, 28),
(300001, 6789, 11000, 0, 0, 42),
(300001, 7641, 9000, 0, 0, 36),
(300001, 7646, 7000, 0, 0, 32),
(300001, 7648, 8000, 0, 0, 34),
(300001, 7651, 10000, 0, 0, 38),
(300001, 8288, 3000, 0, 0, 24),
(300001, 8289, 10000, 0, 0, 38),
(300001, 11659, 12000, 0, 0, 44),
(300001, 11660, 18000, 0, 0, 52),
(300001, 11661, 26000, 0, 0, 60),
(300001, 11665, 11000, 0, 0, 40),
(300001, 11667, 15000, 0, 0, 50),
(300001, 11668, 26000, 0, 0, 60),
(300001, 11671, 12000, 0, 0, 44),
(300001, 11672, 20000, 0, 0, 54),
(300001, 11675, 18000, 0, 0, 52),
(300001, 11677, 13000, 0, 0, 46),
(300001, 11678, 24000, 0, 0, 58),
(300001, 11683, 11000, 0, 0, 42),
(300001, 11684, 20000, 0, 0, 54),
(300001, 11687, 8100, 0, 0, 36),
(300001, 11688, 11700, 0, 0, 46),
(300001, 11689, 19800, 0, 0, 56),
(300001, 11693, 12000, 0, 0, 44),
(300001, 11694, 18000, 0, 0, 52),
(300001, 11695, 26000, 0, 0, 60),
(300001, 11699, 13000, 0, 0, 46),
(300001, 11700, 20000, 0, 0, 54),
(300001, 11707, 11000, 0, 0, 42),
(300001, 11708, 18000, 0, 0, 52),
(300001, 11711, 10000, 0, 0, 38),
(300001, 11712, 14000, 0, 0, 48),
(300001, 11713, 24000, 0, 0, 58),
(300001, 11719, 15000, 0, 0, 50),
(300001, 11721, 13000, 0, 0, 46),
(300001, 11722, 26000, 0, 0, 60),
(300001, 11725, 12000, 0, 0, 44),
(300001, 11726, 24000, 0, 0, 58),
(300001, 11729, 13000, 0, 0, 46),
(300001, 11730, 24000, 0, 0, 58),
(300001, 11733, 11000, 0, 0, 40),
(300001, 11734, 15000, 0, 0, 50),
(300001, 11735, 26000, 0, 0, 60),
(300001, 11739, 11000, 0, 0, 42),
(300001, 11740, 18000, 0, 0, 52),
(300001, 17727, 14000, 0, 0, 48),
(300001, 17728, 26000, 0, 0, 60),
(300001, 17919, 4000, 0, 0, 26),
(300001, 17920, 8000, 0, 0, 34),
(300001, 17921, 11000, 0, 0, 42),
(300001, 17922, 15000, 0, 0, 50),
(300001, 17923, 24000, 0, 0, 58),
(300001, 17924, 22000, 0, 0, 56),
(300001, 17925, 15000, 0, 0, 50),
(300001, 17926, 24000, 0, 0, 58),
(300001, 17928, 20000, 0, 0, 54),
(300001, 17951, 9000, 0, 0, 36),
(300001, 17952, 13000, 0, 0, 46),
(300001, 17953, 22000, 0, 0, 56),
(300001, 18647, 14000, 0, 0, 48),
(300001, 18867, 148, 0, 0, 24),
(300001, 18868, 348, 0, 0, 32),
(300001, 18869, 548, 0, 0, 40),
(300001, 18870, 700, 0, 0, 48),
(300001, 18871, 1100, 0, 0, 56),
(300001, 18937, 748, 0, 0, 50),
(300001, 18938, 1300, 0, 0, 60),
(300001, 20752, 6000, 0, 0, 30),
(300001, 20755, 11000, 0, 0, 40),
(300001, 20756, 15000, 0, 0, 50),
(300001, 20757, 26000, 0, 0, 60),
(300001, 23161, 20000, 762, 150, 40),
(300001, 25307, 26000, 0, 0, 62),
(300001, 25309, 26000, 0, 0, 60),
(300001, 25311, 26000, 0, 0, 60),
(300001, 27209, 70000, 0, 0, 69),
(300001, 27210, 46000, 0, 0, 65),
(300001, 27211, 42000, 0, 0, 64),
(300001, 27212, 70000, 0, 0, 69),
(300001, 27213, 63000, 0, 0, 68),
(300001, 27215, 70000, 0, 0, 69),
(300001, 27216, 46000, 0, 0, 65),
(300001, 27217, 57000, 0, 0, 67),
(300001, 27218, 57000, 0, 0, 67),
(300001, 27219, 30000, 0, 0, 62),
(300001, 27220, 70000, 0, 0, 69),
(300001, 27222, 56700, 0, 0, 68),
(300001, 27223, 63000, 0, 0, 68),
(300001, 27224, 30000, 0, 0, 61),
(300001, 27228, 70000, 0, 0, 69),
(300001, 27230, 63000, 0, 0, 68),
(300001, 27238, 78000, 0, 0, 70),
(300001, 27243, 78000, 0, 0, 70),
(300001, 27250, 51000, 0, 0, 66),
(300001, 27259, 57000, 0, 0, 67),
(300001, 27260, 78000, 0, 0, 70),
(300001, 27263, 1300, 0, 0, 63),
(300001, 27265, 1300, 0, 0, 70),
(300001, 28172, 51000, 0, 0, 66),
(300001, 28176, 34000, 0, 0, 62),
(300001, 28189, 70000, 0, 0, 69),
(300001, 28610, 34000, 0, 0, 60),
(300001, 29722, 42000, 0, 0, 64),
(300001, 29858, 51000, 0, 0, 66),
(300001, 29893, 63000, 0, 0, 68),
(300001, 30404, 2500, 0, 0, 60),
(300001, 30405, 2500, 0, 0, 70),
(300001, 30413, 2500, 0, 0, 60),
(300001, 30414, 2500, 0, 0, 70),
(300001, 30459, 78000, 0, 0, 70),
(300001, 30545, 78000, 0, 0, 70),
(300001, 30546, 3900, 0, 0, 70),
(300001, 30909, 70000, 0, 0, 69),
(300001, 30910, 78000, 0, 0, 70),
(300001, 32231, 78000, 0, 0, 70),
(300001, 47793, 160000, 0, 0, 76),
(300001, 47808, 160000, 0, 0, 74),
(300001, 47809, 160000, 0, 0, 79),
(300001, 47810, 160000, 0, 0, 75),
(300001, 47811, 160000, 0, 0, 80),
(300001, 47812, 160000, 0, 0, 71),
(300001, 47813, 160000, 0, 0, 77),
(300001, 47814, 160000, 0, 0, 74),
(300001, 47815, 160000, 0, 0, 79),
(300001, 47819, 160000, 0, 0, 72),
(300001, 47820, 160000, 0, 0, 79),
(300001, 47823, 160000, 0, 0, 78),
(300001, 47824, 160000, 0, 0, 75),
(300001, 47825, 160000, 0, 0, 80),
(300001, 47826, 8000, 0, 0, 75),
(300001, 47827, 8000, 0, 0, 80),
(300001, 47835, 160000, 0, 0, 75),
(300001, 47836, 160000, 0, 0, 80),
(300001, 47837, 100000, 0, 0, 74),
(300001, 47838, 100000, 0, 0, 80),
(300001, 47841, 8000, 0, 0, 75),
(300001, 47843, 8000, 0, 0, 80),
(300001, 47846, 8000, 0, 0, 75),
(300001, 47847, 8000, 0, 0, 80),
(300001, 47855, 160000, 0, 0, 77),
(300001, 47856, 160000, 0, 0, 76),
(300001, 47857, 160000, 0, 0, 78),
(300001, 47859, 160000, 0, 0, 73),
(300001, 47860, 160000, 0, 0, 78),
(300001, 47863, 160000, 0, 0, 73),
(300001, 47864, 160000, 0, 0, 79),
(300001, 47865, 160000, 0, 0, 78),
(300001, 47867, 160000, 0, 0, 80),
(300001, 47871, 160000, 0, 0, 73),
(300001, 47878, 160000, 0, 0, 79),
(300001, 47884, 160000, 0, 0, 76),
(300001, 47886, 160000, 0, 0, 72),
(300001, 47888, 160000, 0, 0, 78),
(300001, 47889, 160000, 0, 0, 80),
(300001, 47890, 160000, 0, 0, 72),
(300001, 47891, 160000, 0, 0, 78),
(300001, 47892, 160000, 0, 0, 74),
(300001, 47893, 160000, 0, 0, 79),
(300001, 47897, 10000, 0, 0, 75),
(300001, 48018, 160000, 0, 0, 80),
(300001, 48020, 160000, 0, 0, 80),
(300001, 50511, 160000, 0, 0, 71),
(300001, 57946, 160000, 0, 0, 80),
(300001, 58887, 160000, 0, 0, 80),
(300001, 59092, 160000, 0, 0, 80),
(300001, 59161, 2500, 0, 0, 70),
(300001, 59163, 8000, 0, 0, 75),
(300001, 59164, 8000, 0, 0, 80),
(300001, 59170, 2500, 0, 0, 70),
(300001, 59171, 8000, 0, 0, 75),
(300001, 59172, 8000, 0, 0, 80),
(300001, 60219, 160000, 0, 0, 74),
(300001, 60220, 160000, 0, 0, 80),
(300001, 61191, 70000, 0, 0, 72),
(300001, 61290, 10000, 0, 0, 80),
(300002, 99, 300, 0, 0, 10),
(300002, 339, 200, 0, 0, 8),
(300002, 467, 100, 0, 0, 6),
(300002, 740, 6000, 0, 0, 30),
(300002, 768, 2000, 0, 0, 20),
(300002, 769, 10000, 0, 0, 34),
(300002, 770, 1900, 0, 0, 18),
(300002, 774, 100, 0, 0, 4),
(300002, 779, 1800, 0, 0, 16),
(300002, 780, 4000, 0, 0, 24),
(300002, 782, 900, 0, 0, 14),
(300002, 783, 6000, 0, 0, 16),
(300002, 1058, 300, 0, 0, 10),
(300002, 1062, 1900, 0, 0, 18),
(300002, 1066, 900, 0, 0, 16),
(300002, 1075, 4000, 0, 0, 24),
(300002, 1079, 2000, 0, 0, 20),
(300002, 1082, 2000, 0, 0, 20),
(300002, 1126, 10, 0, 0, 1),
(300002, 1430, 1800, 0, 0, 16),
(300002, 1735, 2000, 0, 0, 20),
(300002, 1822, 4000, 0, 0, 24),
(300002, 1823, 10000, 0, 0, 34),
(300002, 1824, 18000, 0, 0, 44),
(300002, 1850, 4500, 0, 0, 26),
(300002, 2090, 3000, 0, 0, 22),
(300002, 2091, 5000, 0, 0, 28),
(300002, 2637, 1900, 0, 0, 18),
(300002, 2782, 4000, 0, 0, 24),
(300002, 2893, 4500, 0, 0, 26),
(300002, 2908, 3000, 0, 0, 22),
(300002, 2912, 2000, 0, 0, 20),
(300002, 3029, 5000, 0, 0, 28),
(300002, 3627, 10000, 0, 0, 34),
(300002, 5177, 100, 0, 0, 6),
(300002, 5178, 900, 0, 0, 14),
(300002, 5179, 3000, 0, 0, 22),
(300002, 5180, 6000, 0, 0, 30),
(300002, 5186, 200, 0, 0, 8),
(300002, 5187, 900, 0, 0, 14),
(300002, 5188, 2000, 0, 0, 20),
(300002, 5189, 4500, 0, 0, 26),
(300002, 5195, 5000, 0, 0, 28),
(300002, 5196, 12000, 0, 0, 38),
(300002, 5201, 12000, 0, 0, 38),
(300002, 5209, 5000, 0, 0, 28),
(300002, 5211, 900, 0, 0, 14),
(300002, 5215, 2000, 0, 0, 20),
(300002, 5217, 4000, 0, 0, 24),
(300002, 5221, 3000, 0, 0, 22),
(300002, 5225, 8000, 0, 0, 32),
(300002, 5229, 800, 0, 0, 12),
(300002, 5232, 300, 0, 0, 10),
(300002, 5234, 6000, 0, 0, 30),
(300002, 6756, 2000, 0, 0, 20),
(300002, 6778, 8000, 0, 0, 32),
(300002, 6780, 12000, 0, 0, 38),
(300002, 6783, 14000, 0, 0, 40),
(300002, 6785, 8000, 0, 0, 32),
(300002, 6787, 16000, 0, 0, 42),
(300002, 6793, 11000, 0, 0, 36),
(300002, 6798, 6000, 0, 0, 30),
(300002, 6800, 6000, 0, 0, 30),
(300002, 6808, 1900, 0, 0, 18),
(300002, 6809, 4500, 0, 0, 26),
(300002, 8903, 12000, 0, 0, 38),
(300002, 8905, 20000, 0, 0, 46),
(300002, 8907, 14000, 0, 0, 40),
(300002, 8910, 14000, 0, 0, 40),
(300002, 8914, 10000, 0, 0, 34),
(300002, 8918, 14000, 0, 0, 40),
(300002, 8921, 100, 0, 0, 4),
(300002, 8924, 300, 0, 0, 10),
(300002, 8925, 1800, 0, 0, 16),
(300002, 8926, 3000, 0, 0, 22),
(300002, 8927, 5000, 0, 0, 28),
(300002, 8928, 10000, 0, 0, 34),
(300002, 8929, 14000, 0, 0, 40),
(300002, 8936, 800, 0, 0, 12),
(300002, 8938, 1900, 0, 0, 18),
(300002, 8939, 4000, 0, 0, 24),
(300002, 8940, 6000, 0, 0, 30),
(300002, 8941, 11000, 0, 0, 36),
(300002, 8949, 4500, 0, 0, 26),
(300002, 8950, 10000, 0, 0, 34),
(300002, 8951, 16000, 0, 0, 42),
(300002, 8955, 12000, 0, 0, 38),
(300002, 8972, 10000, 0, 0, 34),
(300002, 8983, 20000, 0, 0, 46),
(300002, 8992, 12000, 0, 0, 38),
(300002, 8998, 5000, 0, 0, 28),
(300002, 9000, 14000, 0, 0, 40),
(300002, 9005, 11000, 0, 0, 36),
(300002, 9490, 8000, 0, 0, 32),
(300002, 9492, 5000, 0, 0, 28),
(300002, 9493, 11000, 0, 0, 36),
(300002, 9634, 14000, 0, 0, 40),
(300002, 9745, 16000, 0, 0, 42),
(300002, 9747, 16000, 0, 0, 42),
(300002, 9750, 16000, 0, 0, 42),
(300002, 9752, 18000, 0, 0, 44),
(300002, 9754, 18000, 0, 0, 44),
(300002, 9756, 18000, 0, 0, 44),
(300002, 9758, 18000, 0, 0, 44),
(300002, 9821, 20000, 0, 0, 46),
(300002, 9823, 20000, 0, 0, 46),
(300002, 9827, 30000, 0, 0, 56),
(300002, 9829, 20000, 0, 0, 46),
(300002, 9830, 28000, 0, 0, 54),
(300002, 9833, 20000, 0, 0, 46),
(300002, 9834, 26000, 0, 0, 52),
(300002, 9835, 32000, 0, 0, 58),
(300002, 9839, 20000, 0, 0, 46),
(300002, 9840, 26000, 0, 0, 52),
(300002, 9841, 32000, 0, 0, 58),
(300002, 9845, 22000, 0, 0, 48),
(300002, 9846, 34000, 0, 0, 60),
(300002, 9849, 22000, 0, 0, 48),
(300002, 9850, 32000, 0, 0, 58),
(300002, 9852, 22000, 0, 0, 48),
(300002, 9853, 32000, 0, 0, 58),
(300002, 9856, 22000, 0, 0, 48),
(300002, 9857, 28000, 0, 0, 54),
(300002, 9858, 34000, 0, 0, 60),
(300002, 9862, 23000, 0, 0, 50),
(300002, 9863, 34000, 0, 0, 60),
(300002, 9866, 23000, 0, 0, 50),
(300002, 9867, 32000, 0, 0, 58),
(300002, 9875, 23000, 0, 0, 50),
(300002, 9876, 32000, 0, 0, 58),
(300002, 9880, 23000, 0, 0, 50),
(300002, 9881, 32000, 0, 0, 58),
(300002, 9884, 23000, 0, 0, 50),
(300002, 9885, 34000, 0, 0, 60),
(300002, 9888, 23000, 0, 0, 50),
(300002, 9889, 30000, 0, 0, 56),
(300002, 9892, 26000, 0, 0, 52),
(300002, 9894, 26000, 0, 0, 52),
(300002, 9896, 34000, 0, 0, 60),
(300002, 9898, 26000, 0, 0, 52),
(300002, 9901, 28000, 0, 0, 54),
(300002, 9904, 28000, 0, 0, 54),
(300002, 9908, 28000, 0, 0, 54),
(300002, 9910, 28000, 0, 0, 54),
(300002, 9912, 28000, 0, 0, 54),
(300002, 9913, 34000, 0, 0, 60),
(300002, 16689, 300, 0, 0, 10),
(300002, 16810, 1900, 0, 0, 18),
(300002, 16811, 5000, 0, 0, 28),
(300002, 16812, 12000, 0, 0, 38),
(300002, 16813, 22000, 0, 0, 48),
(300002, 16857, 1900, 0, 0, 18),
(300002, 16914, 14000, 0, 0, 40),
(300002, 17329, 32000, 0, 0, 58),
(300002, 17401, 23000, 0, 0, 50),
(300002, 17402, 34000, 0, 0, 60),
(300002, 18657, 12000, 0, 0, 38),
(300002, 18658, 32000, 0, 0, 58),
(300002, 20484, 2000, 0, 0, 20),
(300002, 20719, 14000, 0, 0, 40),
(300002, 20739, 6000, 0, 0, 30),
(300002, 20742, 14000, 0, 0, 40),
(300002, 20747, 23000, 0, 0, 50),
(300002, 20748, 34000, 0, 0, 60),
(300002, 21849, 23000, 0, 0, 50),
(300002, 21850, 34000, 0, 0, 60),
(300002, 22568, 8000, 0, 0, 32),
(300002, 22570, 43000, 0, 0, 62),
(300002, 22812, 18000, 0, 0, 44),
(300002, 22827, 14000, 0, 0, 40),
(300002, 22828, 22000, 0, 0, 48),
(300002, 22829, 30000, 0, 0, 56),
(300002, 22842, 11000, 0, 0, 36),
(300002, 24248, 48000, 0, 0, 63),
(300002, 24974, 6000, 0, 0, 30),
(300002, 24975, 14000, 0, 0, 40),
(300002, 24976, 12000, 0, 0, 50),
(300002, 24977, 34000, 0, 0, 60),
(300002, 25297, 34000, 0, 0, 60),
(300002, 25298, 34000, 0, 0, 60),
(300002, 25299, 34000, 0, 0, 60),
(300002, 26978, 43000, 0, 0, 62),
(300002, 26979, 90000, 0, 0, 69),
(300002, 26980, 59000, 0, 0, 65),
(300002, 26981, 48000, 0, 0, 63),
(300002, 26982, 90000, 0, 0, 69),
(300002, 26983, 100000, 0, 0, 70),
(300002, 26984, 39000, 0, 0, 61),
(300002, 26985, 90000, 0, 0, 69),
(300002, 26986, 73000, 0, 0, 67),
(300002, 26987, 48000, 0, 0, 63),
(300002, 26988, 100000, 0, 0, 70),
(300002, 26989, 81000, 0, 0, 68),
(300002, 26990, 100000, 0, 0, 70),
(300002, 26991, 100000, 0, 0, 70),
(300002, 26992, 53000, 0, 0, 64),
(300002, 26994, 90000, 0, 0, 69),
(300002, 26995, 100000, 0, 0, 70),
(300002, 26996, 73000, 0, 0, 67),
(300002, 26997, 53000, 0, 0, 64),
(300002, 26998, 43000, 0, 0, 62),
(300002, 27000, 73000, 0, 0, 67),
(300002, 27001, 39000, 0, 0, 61),
(300002, 27002, 100000, 0, 0, 70),
(300002, 27003, 53000, 0, 0, 64),
(300002, 27004, 90000, 0, 0, 69),
(300002, 27005, 66000, 0, 0, 66),
(300002, 27006, 66000, 0, 0, 66),
(300002, 27008, 73000, 0, 0, 67),
(300002, 27009, 81000, 0, 0, 68),
(300002, 27012, 100000, 0, 0, 70),
(300002, 27013, 200000, 0, 0, 70),
(300002, 29166, 14000, 0, 0, 40),
(300002, 31018, 30000, 0, 0, 60),
(300002, 31709, 34000, 0, 0, 60),
(300002, 33357, 59000, 0, 0, 65),
(300002, 33745, 66000, 0, 0, 66),
(300002, 33763, 53000, 0, 0, 64),
(300002, 33786, 100000, 0, 0, 70),
(300002, 33950, 81000, 762, 150, 60),
(300002, 33982, 1700, 0, 0, 58),
(300002, 33983, 1700, 0, 0, 68),
(300002, 33986, 1700, 0, 0, 58),
(300002, 33987, 1900, 0, 0, 68),
(300002, 40120, 200000, 0, 0, 71),
(300002, 48377, 200000, 0, 0, 74),
(300002, 48378, 200000, 0, 0, 79),
(300002, 48440, 200000, 0, 0, 75),
(300002, 48441, 200000, 0, 0, 80),
(300002, 48442, 200000, 0, 0, 71),
(300002, 48443, 200000, 0, 0, 77),
(300002, 48446, 200000, 0, 0, 75),
(300002, 48447, 200000, 0, 0, 80),
(300002, 48450, 200000, 0, 0, 72),
(300002, 48451, 200000, 0, 0, 80),
(300002, 48459, 200000, 0, 0, 74),
(300002, 48461, 200000, 0, 0, 79),
(300002, 48462, 200000, 0, 0, 75),
(300002, 48463, 200000, 0, 0, 80),
(300002, 48464, 200000, 0, 0, 72),
(300002, 48465, 200000, 0, 0, 78),
(300002, 48467, 200000, 0, 0, 80),
(300002, 48468, 200000, 0, 0, 80),
(300002, 48469, 200000, 0, 0, 80),
(300002, 48470, 200000, 0, 0, 80),
(300002, 48477, 200000, 0, 0, 79),
(300002, 48479, 200000, 0, 0, 73),
(300002, 48480, 200000, 0, 0, 79),
(300002, 48559, 200000, 0, 0, 71),
(300002, 48560, 200000, 0, 0, 77),
(300002, 48561, 200000, 0, 0, 72),
(300002, 48562, 200000, 0, 0, 77),
(300002, 48563, 10000, 0, 0, 75),
(300002, 48564, 10000, 0, 0, 80),
(300002, 48565, 10000, 0, 0, 75),
(300002, 48566, 10000, 0, 0, 80),
(300002, 48567, 200000, 0, 0, 73),
(300002, 48568, 200000, 0, 0, 80),
(300002, 48569, 200000, 0, 0, 73),
(300002, 48570, 200000, 0, 0, 79),
(300002, 48571, 200000, 0, 0, 75),
(300002, 48572, 200000, 0, 0, 80),
(300002, 48573, 200000, 0, 0, 72),
(300002, 48574, 200000, 0, 0, 78),
(300002, 48575, 200000, 0, 0, 76),
(300002, 48576, 200000, 0, 0, 72),
(300002, 48577, 200000, 0, 0, 78),
(300002, 48578, 200000, 0, 0, 73),
(300002, 48579, 200000, 0, 0, 79),
(300002, 49799, 200000, 0, 0, 71),
(300002, 49800, 200000, 0, 0, 80),
(300002, 49802, 200000, 0, 0, 74),
(300002, 49803, 200000, 0, 0, 77),
(300002, 50212, 200000, 0, 0, 71),
(300002, 50213, 200000, 0, 0, 79),
(300002, 50464, 200000, 0, 0, 80),
(300002, 50763, 200000, 0, 0, 80),
(300002, 50764, 90000, 0, 0, 69),
(300002, 50765, 34000, 0, 0, 60),
(300002, 50766, 22000, 0, 0, 48),
(300002, 50767, 11000, 0, 0, 36),
(300002, 50768, 4000, 0, 0, 24),
(300002, 50769, 800, 0, 0, 12),
(300002, 52610, 200000, 0, 0, 75),
(300002, 53199, 10000, 0, 0, 70),
(300002, 53200, 10000, 0, 0, 75),
(300002, 53201, 10000, 0, 0, 80),
(300002, 53223, 600, 0, 0, 60),
(300002, 53225, 1700, 0, 0, 70),
(300002, 53226, 10000, 0, 0, 75),
(300002, 53248, 1700, 0, 0, 70),
(300002, 53249, 10000, 0, 0, 75),
(300002, 53251, 10000, 0, 0, 80),
(300002, 53307, 200000, 0, 0, 74),
(300002, 53308, 200000, 0, 0, 78),
(300002, 53312, 200000, 0, 0, 78),
(300002, 61384, 10000, 0, 0, 80),
(300002, 62078, 200000, 0, 0, 71),
(300002, 62600, 4500, 0, 0, 40),
(300003, 136, 600, 0, 0, 12),
(300003, 674, 2200, 0, 0, 20),
(300003, 781, 2200, 0, 0, 20),
(300003, 1002, 1200, 0, 0, 14),
(300003, 1130, 100, 0, 0, 6),
(300003, 1462, 7000, 0, 0, 24),
(300003, 1494, 10, 0, 0, 1),
(300003, 1495, 1800, 0, 0, 16),
(300003, 1499, 2200, 0, 0, 20),
(300003, 1510, 18000, 0, 0, 40),
(300003, 1513, 1200, 0, 0, 14),
(300003, 1543, 10000, 0, 0, 32),
(300003, 1978, 100, 0, 0, 4),
(300003, 2643, 2000, 0, 0, 18),
(300003, 2974, 600, 0, 0, 12),
(300003, 3034, 14000, 0, 0, 36),
(300003, 3043, 6000, 0, 0, 22),
(300003, 3044, 100, 0, 0, 6),
(300003, 3045, 7000, 0, 0, 26),
(300003, 3111, 2200, 0, 0, 20),
(300003, 3127, 200, 0, 0, 8),
(300003, 3661, 8000, 0, 0, 28),
(300003, 3662, 14000, 0, 0, 36),
(300003, 5116, 200, 0, 0, 8),
(300003, 5118, 2200, 0, 0, 16),
(300003, 5384, 8000, 0, 0, 30),
(300003, 6197, 1200, 0, 0, 14),
(300003, 8737, 18000, 0, 0, 40),
(300003, 13159, 18000, 0, 0, 40),
(300003, 13161, 8000, 0, 0, 30),
(300003, 13163, 100, 0, 0, 4),
(300003, 13165, 400, 0, 0, 10),
(300003, 13542, 26000, 0, 0, 44),
(300003, 13543, 40000, 0, 0, 52),
(300003, 13544, 50000, 0, 0, 60),
(300003, 13549, 400, 0, 0, 10),
(300003, 13550, 2000, 0, 0, 18),
(300003, 13551, 7000, 0, 0, 26),
(300003, 13552, 12000, 0, 0, 34),
(300003, 13553, 24000, 0, 0, 42),
(300003, 13554, 36000, 0, 0, 50),
(300003, 13555, 48000, 0, 0, 58),
(300003, 13795, 1800, 0, 0, 16),
(300003, 13809, 8000, 0, 0, 28),
(300003, 13813, 12000, 0, 0, 34),
(300003, 14260, 200, 0, 0, 8),
(300003, 14261, 1800, 0, 0, 16),
(300003, 14262, 7000, 0, 0, 24),
(300003, 14263, 10000, 0, 0, 32),
(300003, 14264, 18000, 0, 0, 40),
(300003, 14265, 32000, 0, 0, 48),
(300003, 14266, 46000, 0, 0, 56),
(300003, 14269, 8000, 0, 0, 30),
(300003, 14270, 26000, 0, 0, 44),
(300003, 14271, 48000, 0, 0, 58),
(300003, 14281, 600, 0, 0, 12),
(300003, 14282, 2200, 0, 0, 20),
(300003, 14283, 8000, 0, 0, 28),
(300003, 14284, 14000, 0, 0, 36),
(300003, 14285, 26000, 0, 0, 44),
(300003, 14286, 40000, 0, 0, 52),
(300003, 14287, 50000, 0, 0, 60),
(300003, 14288, 8000, 0, 0, 30),
(300003, 14289, 24000, 0, 0, 42),
(300003, 14290, 42000, 0, 0, 54),
(300003, 14294, 36000, 0, 0, 50),
(300003, 14295, 48000, 0, 0, 58),
(300003, 14302, 7000, 0, 0, 26),
(300003, 14303, 14000, 0, 0, 36),
(300003, 14304, 28000, 0, 0, 46),
(300003, 14305, 46000, 0, 0, 56),
(300003, 14310, 18000, 0, 0, 40),
(300003, 14311, 50000, 0, 0, 60),
(300003, 14316, 26000, 0, 0, 44),
(300003, 14317, 42000, 0, 0, 54),
(300003, 14318, 2000, 0, 0, 18),
(300003, 14319, 8000, 0, 0, 28),
(300003, 14320, 16000, 0, 0, 38),
(300003, 14321, 32000, 0, 0, 48),
(300003, 14322, 48000, 0, 0, 58),
(300003, 14323, 6000, 0, 0, 22),
(300003, 14324, 18000, 0, 0, 40),
(300003, 14325, 48000, 0, 0, 58),
(300003, 14326, 8000, 0, 0, 30),
(300003, 14327, 28000, 0, 0, 46),
(300003, 19263, 2200, 0, 0, 60),
(300003, 19801, 50000, 0, 0, 60),
(300003, 19878, 10000, 0, 0, 32),
(300003, 19879, 36000, 0, 0, 50),
(300003, 19880, 7000, 0, 0, 26),
(300003, 19882, 18000, 0, 0, 40),
(300003, 19883, 400, 0, 0, 10),
(300003, 19884, 2000, 0, 0, 18),
(300003, 19885, 7000, 0, 0, 24),
(300003, 20043, 28000, 0, 0, 46),
(300003, 20190, 46000, 0, 0, 56),
(300003, 20736, 600, 0, 0, 12),
(300003, 20900, 400, 0, 0, 28),
(300003, 20901, 700, 0, 0, 36),
(300003, 20902, 1300, 0, 0, 44),
(300003, 20903, 2000, 0, 0, 52),
(300003, 20904, 2500, 0, 0, 60),
(300003, 20909, 1200, 0, 0, 42),
(300003, 20910, 2100, 0, 0, 54),
(300003, 24132, 1800, 0, 0, 50),
(300003, 24133, 2500, 0, 0, 60),
(300003, 25294, 50000, 0, 0, 60),
(300003, 25295, 50000, 0, 0, 60),
(300003, 25296, 50000, 0, 0, 60),
(300003, 27014, 87000, 0, 0, 63),
(300003, 27016, 140000, 0, 0, 67),
(300003, 27019, 170000, 0, 0, 69),
(300003, 27021, 140000, 0, 0, 67),
(300003, 27022, 140000, 0, 0, 67),
(300003, 27023, 110000, 0, 0, 65),
(300003, 27025, 68000, 0, 0, 61),
(300003, 27044, 150000, 0, 0, 68),
(300003, 27045, 150000, 0, 0, 68),
(300003, 27046, 150000, 0, 0, 68),
(300003, 27065, 10000, 0, 0, 70),
(300003, 27067, 2500, 0, 0, 66),
(300003, 27068, 5000, 0, 0, 70),
(300003, 34026, 120000, 0, 0, 66),
(300003, 34074, 2200, 0, 0, 20),
(300003, 34120, 70000, 0, 0, 62),
(300003, 34477, 190000, 0, 0, 70),
(300003, 34600, 150000, 0, 0, 68),
(300003, 36916, 300000, 0, 0, 70),
(300003, 48989, 300000, 0, 0, 74),
(300003, 48990, 300000, 0, 0, 80),
(300003, 48995, 300000, 0, 0, 71),
(300003, 48996, 300000, 0, 0, 77),
(300003, 48998, 15000, 0, 0, 72),
(300003, 48999, 15000, 0, 0, 78),
(300003, 49000, 300000, 0, 0, 73),
(300003, 49001, 300000, 0, 0, 79),
(300003, 49011, 100000, 0, 0, 75),
(300003, 49012, 100000, 0, 0, 80),
(300003, 49044, 300000, 0, 0, 73),
(300003, 49045, 300000, 0, 0, 79),
(300003, 49047, 300000, 0, 0, 74),
(300003, 49048, 300000, 0, 0, 80),
(300003, 49049, 10000, 0, 0, 75),
(300003, 49050, 10000, 0, 0, 80),
(300003, 49051, 300000, 0, 0, 71),
(300003, 49052, 300000, 0, 0, 77),
(300003, 49055, 300000, 0, 0, 72),
(300003, 49056, 300000, 0, 0, 78),
(300003, 49066, 300000, 0, 0, 71),
(300003, 49067, 300000, 0, 0, 77),
(300003, 49071, 300000, 0, 0, 76),
(300003, 53271, 10000, 0, 0, 75),
(300003, 53338, 10000, 0, 0, 76),
(300003, 53339, 300000, 0, 0, 80),
(300003, 53351, 300000, 0, 0, 71),
(300003, 56641, 36000, 0, 0, 50),
(300003, 58431, 300000, 0, 0, 74),
(300003, 58434, 300000, 0, 0, 80),
(300003, 60051, 400, 0, 0, 70),
(300003, 60052, 400, 0, 0, 75),
(300003, 60053, 100000, 0, 0, 80),
(300003, 60192, 100000, 0, 0, 80),
(300003, 61005, 300000, 0, 0, 75),
(300003, 61006, 300000, 0, 0, 80),
(300003, 61846, 300000, 0, 0, 74),
(300003, 61847, 300000, 0, 0, 80),
(300003, 63668, 1800, 0, 0, 57),
(300003, 63669, 7000, 0, 0, 63),
(300003, 63670, 10000, 0, 0, 69),
(300003, 63671, 10000, 0, 0, 75),
(300003, 63672, 10000, 0, 0, 80),
(300004, 72, 1000, 0, 0, 12),
(300004, 100, 100, 0, 0, 4),
(300004, 284, 200, 0, 0, 8),
(300004, 285, 2000, 0, 0, 16),
(300004, 469, 65000, 0, 0, 68),
(300004, 674, 4000, 0, 0, 20),
(300004, 676, 3000, 0, 0, 18),
(300004, 694, 2000, 0, 0, 16),
(300004, 750, 22000, 0, 0, 40),
(300004, 772, 100, 0, 0, 4),
(300004, 845, 4000, 0, 0, 20),
(300004, 871, 11000, 0, 0, 28),
(300004, 1160, 1500, 0, 0, 14),
(300004, 1161, 10000, 0, 0, 26),
(300004, 1464, 12000, 0, 0, 30),
(300004, 1608, 8000, 0, 0, 24),
(300004, 1680, 18000, 0, 0, 36),
(300004, 1715, 200, 0, 0, 8),
(300004, 1719, 42000, 0, 0, 50),
(300004, 2048, 71000, 0, 0, 69),
(300004, 2565, 2000, 0, 0, 16),
(300004, 2687, 600, 0, 0, 10),
(300004, 3127, 100, 0, 0, 6),
(300004, 3411, 65000, 0, 0, 70),
(300004, 5242, 1000, 0, 0, 12),
(300004, 5246, 6000, 0, 0, 22),
(300004, 5308, 8000, 0, 0, 24),
(300004, 6178, 10000, 0, 0, 26),
(300004, 6190, 8000, 0, 0, 24),
(300004, 6192, 6000, 0, 0, 22),
(300004, 6343, 100, 0, 0, 6),
(300004, 6546, 600, 0, 0, 10),
(300004, 6547, 4000, 0, 0, 20),
(300004, 6548, 12000, 0, 0, 30),
(300004, 6552, 20000, 0, 0, 38),
(300004, 6572, 1500, 0, 0, 14),
(300004, 6574, 8000, 0, 0, 24),
(300004, 6673, 10, 0, 0, 1),
(300004, 7369, 12000, 0, 0, 30),
(300004, 7379, 16000, 0, 0, 34),
(300004, 7384, 1000, 0, 0, 12),
(300004, 8198, 3000, 0, 0, 18),
(300004, 8204, 11000, 0, 0, 28),
(300004, 8205, 20000, 0, 0, 38),
(300004, 8820, 20000, 0, 0, 38),
(300004, 11549, 14000, 0, 0, 32),
(300004, 11550, 32000, 0, 0, 42),
(300004, 11551, 54000, 0, 0, 52),
(300004, 11554, 16000, 0, 0, 34),
(300004, 11555, 34000, 0, 0, 44),
(300004, 11556, 56000, 0, 0, 54),
(300004, 11564, 14000, 0, 0, 32),
(300004, 11565, 22000, 0, 0, 40),
(300004, 11566, 40000, 0, 0, 48),
(300004, 11567, 58000, 0, 0, 56),
(300004, 11572, 22000, 0, 0, 40),
(300004, 11573, 42000, 0, 0, 50),
(300004, 11574, 62000, 0, 0, 60),
(300004, 11578, 36000, 0, 0, 46),
(300004, 11580, 40000, 0, 0, 48),
(300004, 11581, 60000, 0, 0, 58),
(300004, 11600, 34000, 0, 0, 44),
(300004, 11601, 56000, 0, 0, 54),
(300004, 11604, 36000, 0, 0, 46),
(300004, 11605, 56000, 0, 0, 54),
(300004, 11608, 22000, 0, 0, 40),
(300004, 11609, 42000, 0, 0, 50),
(300004, 12678, 4000, 0, 0, 20),
(300004, 18499, 14000, 0, 0, 32),
(300004, 20230, 4000, 0, 0, 20),
(300004, 20252, 12000, 0, 0, 30),
(300004, 20569, 62000, 0, 0, 60),
(300004, 20658, 14000, 0, 0, 32),
(300004, 20660, 22000, 0, 0, 40),
(300004, 20661, 40000, 0, 0, 48),
(300004, 20662, 58000, 0, 0, 56),
(300004, 21551, 2000, 0, 0, 48),
(300004, 21552, 2800, 0, 0, 54),
(300004, 21553, 3100, 0, 0, 60),
(300004, 23920, 65000, 0, 0, 64),
(300004, 23922, 22000, 0, 0, 40),
(300004, 23923, 40000, 0, 0, 48),
(300004, 23924, 56000, 0, 0, 54),
(300004, 23925, 62000, 0, 0, 60),
(300004, 25202, 65000, 0, 0, 62),
(300004, 25203, 71000, 0, 0, 70),
(300004, 25208, 65000, 0, 0, 68),
(300004, 25231, 65000, 0, 0, 68),
(300004, 25234, 65000, 0, 0, 65),
(300004, 25236, 71000, 0, 0, 70),
(300004, 25241, 65000, 0, 0, 61),
(300004, 25242, 71000, 0, 0, 69),
(300004, 25248, 3250, 0, 0, 66),
(300004, 25258, 65000, 0, 0, 66),
(300004, 25264, 65000, 0, 0, 67),
(300004, 25269, 65000, 0, 0, 63),
(300004, 25286, 60000, 0, 0, 60),
(300004, 25288, 60000, 0, 0, 60),
(300004, 25289, 65000, 0, 0, 60),
(300004, 29707, 65000, 0, 0, 66),
(300004, 30016, 3100, 0, 0, 60),
(300004, 30022, 3250, 0, 0, 70),
(300004, 30324, 100000, 0, 0, 70),
(300004, 30330, 3500, 0, 0, 70),
(300004, 30356, 71000, 0, 0, 70),
(300004, 30357, 260000, 0, 0, 70),
(300004, 34428, 100, 0, 0, 6),
(300004, 46845, 260000, 0, 0, 71),
(300004, 47436, 260000, 0, 0, 78),
(300004, 47437, 260000, 0, 0, 79),
(300004, 47439, 100000, 0, 0, 74),
(300004, 47440, 260000, 0, 0, 80),
(300004, 47449, 260000, 0, 0, 72),
(300004, 47450, 260000, 0, 0, 76),
(300004, 47465, 260000, 0, 0, 76),
(300004, 47470, 260000, 0, 0, 73),
(300004, 47471, 260000, 0, 0, 80),
(300004, 47474, 260000, 0, 0, 74),
(300004, 47475, 260000, 0, 0, 79),
(300004, 47485, 13000, 0, 0, 75),
(300004, 47486, 13000, 0, 0, 80),
(300004, 47487, 260000, 0, 0, 75),
(300004, 47488, 260000, 0, 0, 80),
(300004, 47497, 5000, 0, 0, 75),
(300004, 47498, 5000, 0, 0, 80),
(300004, 47501, 260000, 0, 0, 73),
(300004, 47502, 26000, 0, 0, 78),
(300004, 47519, 260000, 0, 0, 72),
(300004, 47520, 260000, 0, 0, 77),
(300004, 55694, 100000, 0, 0, 75),
(300004, 57755, 100000, 0, 0, 80),
(300004, 57823, 260000, 0, 0, 80),
(300004, 64382, 260000, 0, 0, 71),
(300005, 17, 100, 0, 0, 6),
(300005, 139, 200, 0, 0, 8),
(300005, 453, 3000, 0, 0, 20),
(300005, 527, 2000, 0, 0, 18),
(300005, 528, 1200, 0, 0, 14),
(300005, 552, 11000, 0, 0, 32),
(300005, 586, 200, 0, 0, 8),
(300005, 588, 800, 0, 0, 12),
(300005, 589, 100, 0, 0, 4),
(300005, 591, 100, 0, 0, 6),
(300005, 592, 800, 0, 0, 12),
(300005, 594, 300, 0, 0, 10),
(300005, 596, 10000, 0, 0, 30),
(300005, 598, 1200, 0, 0, 14),
(300005, 600, 2000, 0, 0, 18),
(300005, 602, 10000, 0, 0, 30),
(300005, 605, 10000, 0, 0, 30),
(300005, 970, 2000, 0, 0, 18),
(300005, 976, 10000, 0, 0, 30),
(300005, 984, 4000, 0, 0, 22),
(300005, 988, 14000, 0, 0, 36),
(300005, 992, 6000, 0, 0, 26),
(300005, 996, 18000, 0, 0, 40),
(300005, 1004, 10000, 0, 0, 30),
(300005, 1006, 18000, 0, 0, 40),
(300005, 1243, 10, 0, 0, 1),
(300005, 1244, 800, 0, 0, 12),
(300005, 1245, 5000, 0, 0, 24),
(300005, 1706, 12000, 0, 0, 34),
(300005, 2006, 300, 0, 0, 10),
(300005, 2010, 4000, 0, 0, 22),
(300005, 2052, 100, 0, 0, 4),
(300005, 2053, 300, 0, 0, 10),
(300005, 2054, 1600, 0, 0, 16),
(300005, 2055, 4000, 0, 0, 22),
(300005, 2060, 18000, 0, 0, 40),
(300005, 2061, 3000, 0, 0, 20),
(300005, 2096, 4000, 0, 0, 22),
(300005, 2767, 12000, 0, 0, 34),
(300005, 2791, 14000, 0, 0, 36),
(300005, 2944, 3000, 0, 0, 20),
(300005, 3747, 5000, 0, 0, 24),
(300005, 6060, 16000, 0, 0, 38),
(300005, 6063, 8000, 0, 0, 28),
(300005, 6064, 12000, 0, 0, 34),
(300005, 6065, 10000, 0, 0, 30),
(300005, 6066, 14000, 0, 0, 36),
(300005, 6074, 1200, 0, 0, 14),
(300005, 6075, 3000, 0, 0, 20),
(300005, 6076, 6000, 0, 0, 26),
(300005, 6077, 11000, 0, 0, 32),
(300005, 6078, 16000, 0, 0, 38),
(300005, 6346, 800, 0, 0, 20),
(300005, 7128, 3000, 0, 0, 20),
(300005, 8092, 300, 0, 0, 10),
(300005, 8102, 1600, 0, 0, 16),
(300005, 8103, 4000, 0, 0, 22),
(300005, 8104, 8000, 0, 0, 28),
(300005, 8105, 12000, 0, 0, 34),
(300005, 8106, 18000, 0, 0, 40),
(300005, 8122, 1200, 0, 0, 14),
(300005, 8124, 8000, 0, 0, 28),
(300005, 8129, 5000, 0, 0, 24),
(300005, 9472, 6000, 0, 0, 26),
(300005, 9473, 11000, 0, 0, 32),
(300005, 9474, 16000, 0, 0, 38),
(300005, 9484, 3000, 0, 0, 20),
(300005, 9485, 18000, 0, 0, 40),
(300005, 10880, 12000, 0, 0, 34),
(300005, 10881, 26000, 0, 0, 46),
(300005, 10888, 22000, 0, 0, 42),
(300005, 10890, 42000, 0, 0, 56),
(300005, 10892, 22000, 0, 0, 42),
(300005, 10893, 30000, 0, 0, 50),
(300005, 10894, 44000, 0, 0, 58),
(300005, 10898, 22000, 0, 0, 42),
(300005, 10899, 28000, 0, 0, 48),
(300005, 10900, 40000, 0, 0, 54),
(300005, 10901, 46000, 0, 0, 60),
(300005, 10909, 24000, 0, 0, 44),
(300005, 10915, 24000, 0, 0, 44),
(300005, 10916, 30000, 0, 0, 50),
(300005, 10917, 42000, 0, 0, 56),
(300005, 10927, 24000, 0, 0, 44),
(300005, 10928, 30000, 0, 0, 50),
(300005, 10929, 42000, 0, 0, 56),
(300005, 10933, 26000, 0, 0, 46),
(300005, 10934, 40000, 0, 0, 54),
(300005, 10937, 28000, 0, 0, 48),
(300005, 10938, 46000, 0, 0, 60),
(300005, 10945, 26000, 0, 0, 46),
(300005, 10946, 38000, 0, 0, 52),
(300005, 10947, 44000, 0, 0, 58),
(300005, 10951, 30000, 0, 0, 50),
(300005, 10952, 46000, 0, 0, 60),
(300005, 10955, 46000, 0, 0, 60),
(300005, 10957, 22000, 0, 0, 42),
(300005, 10958, 42000, 0, 0, 56),
(300005, 10960, 30000, 0, 0, 50),
(300005, 10961, 46000, 0, 0, 60),
(300005, 10963, 26000, 0, 0, 46),
(300005, 10964, 38000, 0, 0, 52),
(300005, 10965, 44000, 0, 0, 58),
(300005, 14752, 600, 0, 0, 30),
(300005, 14818, 900, 0, 0, 40),
(300005, 14819, 1500, 0, 0, 50),
(300005, 14914, 3000, 0, 0, 20),
(300005, 15237, 3000, 0, 0, 20),
(300005, 15261, 46000, 0, 0, 60),
(300005, 15262, 5000, 0, 0, 24),
(300005, 15263, 10000, 0, 0, 30),
(300005, 15264, 14000, 0, 0, 36),
(300005, 15265, 22000, 0, 0, 42),
(300005, 15266, 28000, 0, 0, 48),
(300005, 15267, 40000, 0, 0, 54),
(300005, 15430, 8000, 0, 0, 28),
(300005, 15431, 14000, 0, 0, 36),
(300005, 17311, 400, 0, 0, 28),
(300005, 17312, 700, 0, 0, 36),
(300005, 17313, 1200, 0, 0, 44),
(300005, 17314, 1900, 0, 0, 52),
(300005, 18807, 2300, 0, 0, 60),
(300005, 19238, 60, 0, 0, 26),
(300005, 19240, 300, 0, 0, 34),
(300005, 19241, 600, 0, 0, 42),
(300005, 19242, 1100, 0, 0, 50),
(300005, 19243, 1500, 0, 0, 58),
(300005, 19276, 8000, 0, 0, 28),
(300005, 19277, 14000, 0, 0, 36),
(300005, 19278, 24000, 0, 0, 44),
(300005, 19279, 38000, 0, 0, 52),
(300005, 19280, 46000, 0, 0, 60),
(300005, 20770, 44000, 0, 0, 58),
(300005, 21562, 28000, 0, 0, 48),
(300005, 21564, 46000, 0, 0, 60),
(300005, 25210, 65000, 0, 0, 63),
(300005, 25213, 110000, 0, 0, 68),
(300005, 25217, 80000, 0, 0, 65),
(300005, 25218, 140000, 0, 0, 70),
(300005, 25221, 80000, 0, 0, 65),
(300005, 25222, 140000, 0, 0, 70),
(300005, 25233, 53000, 0, 0, 61),
(300005, 25235, 99000, 0, 0, 67),
(300005, 25308, 110000, 0, 0, 68),
(300005, 25312, 2300, 0, 0, 70),
(300005, 25314, 65000, 0, 0, 60),
(300005, 25315, 6500, 0, 0, 60),
(300005, 25316, 6500, 0, 0, 60),
(300005, 25331, 110000, 0, 0, 68),
(300005, 25363, 53000, 0, 0, 61),
(300005, 25364, 65000, 0, 0, 69),
(300005, 25367, 80000, 0, 0, 65),
(300005, 25368, 140000, 0, 0, 70),
(300005, 25372, 65000, 0, 0, 63),
(300005, 25375, 65000, 0, 0, 69),
(300005, 25384, 65000, 0, 0, 66),
(300005, 25387, 6500, 0, 0, 68),
(300005, 25389, 65000, 0, 0, 70),
(300005, 25392, 100000, 0, 0, 70),
(300005, 25431, 65000, 0, 0, 69),
(300005, 25433, 110000, 0, 0, 68),
(300005, 25435, 110000, 0, 0, 68),
(300005, 25437, 2200, 0, 0, 66),
(300005, 25467, 110000, 0, 0, 68),
(300005, 27681, 2300, 0, 0, 60),
(300005, 27683, 42000, 0, 0, 56),
(300005, 27799, 24000, 0, 0, 44),
(300005, 27800, 38000, 0, 0, 52),
(300005, 27801, 46000, 0, 0, 60),
(300005, 27841, 2300, 0, 0, 60),
(300005, 27870, 1200, 0, 0, 50),
(300005, 27871, 1500, 0, 0, 60),
(300005, 28275, 1500, 0, 0, 70),
(300005, 32375, 110000, 0, 0, 70),
(300005, 32379, 59000, 0, 0, 62),
(300005, 32546, 72000, 0, 0, 64),
(300005, 32996, 110000, 0, 0, 70),
(300005, 32999, 3400, 0, 0, 70),
(300005, 33076, 110000, 0, 0, 68),
(300005, 34433, 89000, 0, 0, 66),
(300005, 34863, 2100, 0, 0, 56),
(300005, 34864, 2300, 0, 0, 60),
(300005, 34865, 4000, 0, 0, 65),
(300005, 34866, 7000, 0, 0, 70),
(300005, 34916, 2300, 0, 0, 60),
(300005, 34917, 2300, 0, 0, 70),
(300005, 39374, 100000, 0, 0, 70),
(300005, 48040, 180000, 0, 0, 71),
(300005, 48045, 10000, 0, 0, 75),
(300005, 48062, 180000, 0, 0, 73),
(300005, 48063, 180000, 0, 0, 78),
(300005, 48065, 180000, 0, 0, 75),
(300005, 48066, 180000, 0, 0, 80),
(300005, 48067, 180000, 0, 0, 75),
(300005, 48068, 180000, 0, 0, 80),
(300005, 48070, 180000, 0, 0, 73),
(300005, 48071, 180000, 0, 0, 79),
(300005, 48072, 180000, 0, 0, 76),
(300005, 48073, 9000, 0, 0, 80),
(300005, 48074, 9000, 0, 0, 80),
(300005, 48077, 180000, 0, 0, 75),
(300005, 48078, 180000, 0, 0, 80),
(300005, 48086, 9000, 0, 0, 75),
(300005, 48087, 9000, 0, 0, 80),
(300005, 48088, 9000, 0, 0, 75),
(300005, 48089, 9000, 0, 0, 80),
(300005, 48112, 100000, 0, 0, 74),
(300005, 48113, 180000, 0, 0, 79),
(300005, 48119, 180000, 0, 0, 72),
(300005, 48120, 180000, 0, 0, 78),
(300005, 48122, 180000, 0, 0, 74),
(300005, 48123, 180000, 0, 0, 79),
(300005, 48124, 180000, 0, 0, 75),
(300005, 48125, 180000, 0, 0, 80),
(300005, 48126, 180000, 0, 0, 74),
(300005, 48127, 180000, 0, 0, 79),
(300005, 48134, 180000, 0, 0, 72),
(300005, 48135, 180000, 0, 0, 78),
(300005, 48155, 9000, 0, 0, 74),
(300005, 48156, 9000, 0, 0, 80),
(300005, 48157, 180000, 0, 0, 75),
(300005, 48158, 180000, 0, 0, 80),
(300005, 48159, 9000, 0, 0, 75),
(300005, 48160, 9000, 0, 0, 80),
(300005, 48161, 180000, 0, 0, 80),
(300005, 48162, 180000, 0, 0, 80),
(300005, 48168, 180000, 0, 0, 77),
(300005, 48169, 180000, 0, 0, 76),
(300005, 48170, 180000, 0, 0, 77),
(300005, 48171, 180000, 0, 0, 78),
(300005, 48172, 3250, 0, 0, 73),
(300005, 48173, 9000, 0, 0, 80),
(300005, 48299, 180000, 0, 0, 73),
(300005, 48300, 180000, 0, 0, 79),
(300005, 53005, 5000, 0, 0, 70),
(300005, 53006, 9000, 0, 0, 75),
(300005, 53007, 9000, 0, 0, 80),
(300005, 53023, 100000, 0, 0, 80),
(300005, 64843, 180000, 0, 0, 80),
(300005, 64901, 65000, 0, 0, 80),
(300006, 10, 2000, 0, 0, 20),
(300006, 5143, 2000, 0, 0, 0),
(300006, 66, 96000, 0, 0, 68),
(300006, 116, 100, 0, 0, 4),
(300006, 118, 200, 0, 0, 8),
(300006, 120, 5000, 0, 0, 26),
(300006, 122, 400, 0, 0, 10),
(300006, 130, 600, 0, 0, 12),
(300006, 143, 100, 0, 0, 6),
(300006, 145, 600, 0, 0, 12),
(300006, 205, 200, 0, 0, 8),
(300006, 475, 1800, 0, 0, 18),
(300006, 543, 2000, 0, 0, 20),
(300006, 587, 100, 0, 0, 6),
(300006, 597, 600, 0, 0, 12),
(300006, 604, 600, 0, 0, 12),
(300006, 759, 7000, 0, 0, 28),
(300006, 837, 900, 0, 0, 14),
(300006, 865, 5000, 0, 0, 26),
(300006, 990, 3000, 0, 0, 22),
(300006, 1008, 1800, 0, 0, 18),
(300006, 1449, 900, 0, 0, 14),
(300006, 1459, 10, 0, 0, 1),
(300006, 1460, 900, 0, 0, 14),
(300006, 1461, 7000, 0, 0, 28),
(300006, 1463, 2000, 0, 0, 20),
(300006, 1953, 2000, 0, 0, 20),
(300006, 2120, 1500, 0, 0, 16),
(300006, 2121, 4000, 0, 0, 24),
(300006, 2136, 100, 0, 0, 6),
(300006, 2137, 900, 0, 0, 14),
(300006, 2138, 3000, 0, 0, 22),
(300006, 2139, 4000, 0, 0, 24),
(300006, 2948, 3000, 0, 0, 22),
(300006, 3140, 1800, 0, 0, 18),
(300006, 3552, 14000, 0, 0, 38),
(300006, 5144, 1500, 0, 0, 16),
(300006, 5145, 4000, 0, 0, 24),
(300006, 5504, 100, 0, 0, 4),
(300006, 5505, 400, 0, 0, 10),
(300006, 5506, 2000, 0, 0, 20),
(300006, 6117, 13000, 0, 0, 34),
(300006, 6127, 8000, 0, 0, 30),
(300006, 6129, 10000, 0, 0, 32),
(300006, 6131, 15000, 0, 0, 40),
(300006, 6141, 7000, 0, 0, 28),
(300006, 6143, 3000, 0, 0, 22),
(300006, 7300, 400, 0, 0, 10),
(300006, 7301, 2000, 0, 0, 20),
(300006, 7302, 8000, 0, 0, 30),
(300006, 7320, 15000, 0, 0, 40),
(300006, 7322, 2000, 0, 0, 20),
(300006, 8400, 4000, 0, 0, 24),
(300006, 8401, 8000, 0, 0, 30),
(300006, 8402, 13000, 0, 0, 36),
(300006, 8406, 5000, 0, 0, 26),
(300006, 8407, 10000, 0, 0, 32),
(300006, 8408, 14000, 0, 0, 38),
(300006, 8412, 8000, 0, 0, 30),
(300006, 8413, 14000, 0, 0, 38),
(300006, 8416, 10000, 0, 0, 32),
(300006, 8417, 15000, 0, 0, 40),
(300006, 8422, 10000, 0, 0, 32),
(300006, 8423, 15000, 0, 0, 40),
(300006, 8427, 13000, 0, 0, 36),
(300006, 8437, 3000, 0, 0, 22),
(300006, 8438, 8000, 0, 0, 30),
(300006, 8439, 14000, 0, 0, 38),
(300006, 8444, 7000, 0, 0, 28),
(300006, 8445, 12000, 0, 0, 34),
(300006, 8446, 15000, 0, 0, 40),
(300006, 8450, 4000, 0, 0, 24),
(300006, 8451, 13000, 0, 0, 36),
(300006, 8455, 8000, 0, 0, 30),
(300006, 8457, 8000, 0, 0, 30),
(300006, 8458, 15000, 0, 0, 40),
(300006, 8461, 10000, 0, 0, 32),
(300006, 8462, 18000, 0, 0, 42),
(300006, 8492, 12000, 0, 0, 34),
(300006, 8494, 7000, 0, 0, 28),
(300006, 8495, 13000, 0, 0, 36),
(300006, 10053, 28000, 0, 0, 48),
(300006, 10054, 40000, 0, 0, 58),
(300006, 10138, 15000, 0, 0, 40),
(300006, 10139, 32000, 0, 0, 50),
(300006, 10140, 42000, 0, 0, 60),
(300006, 10144, 18000, 0, 0, 42),
(300006, 10145, 35000, 0, 0, 52),
(300006, 10148, 18000, 0, 0, 42),
(300006, 10149, 28000, 0, 0, 48),
(300006, 10150, 36000, 0, 0, 54),
(300006, 10151, 42000, 0, 0, 60),
(300006, 10156, 18000, 0, 0, 42),
(300006, 10157, 38000, 0, 0, 56),
(300006, 10159, 18000, 0, 0, 42),
(300006, 10160, 32000, 0, 0, 50),
(300006, 10161, 40000, 0, 0, 58),
(300006, 10169, 18000, 0, 0, 42),
(300006, 10170, 36000, 0, 0, 54),
(300006, 10173, 28000, 0, 0, 48),
(300006, 10174, 42000, 0, 0, 60),
(300006, 10177, 35000, 0, 0, 52),
(300006, 10179, 23000, 0, 0, 44),
(300006, 10180, 32000, 0, 0, 50),
(300006, 10181, 38000, 0, 0, 56),
(300006, 10185, 23000, 0, 0, 44),
(300006, 10186, 35000, 0, 0, 52),
(300006, 10187, 42000, 0, 0, 60),
(300006, 10191, 23000, 0, 0, 44),
(300006, 10192, 35000, 0, 0, 52),
(300006, 10193, 42000, 0, 0, 60),
(300006, 10197, 26000, 0, 0, 46),
(300006, 10199, 36000, 0, 0, 54),
(300006, 10201, 26000, 0, 0, 46),
(300006, 10202, 36000, 0, 0, 54),
(300006, 10205, 26000, 0, 0, 46),
(300006, 10206, 35000, 0, 0, 52),
(300006, 10207, 40000, 0, 0, 58),
(300006, 10211, 28000, 0, 0, 48),
(300006, 10212, 38000, 0, 0, 56),
(300006, 10215, 28000, 0, 0, 48),
(300006, 10216, 38000, 0, 0, 56),
(300006, 10219, 32000, 0, 0, 50),
(300006, 10220, 42000, 0, 0, 60),
(300006, 10223, 32000, 0, 0, 50),
(300006, 10225, 42000, 0, 0, 60),
(300006, 10230, 36000, 0, 0, 54),
(300006, 12051, 2000, 0, 0, 20),
(300006, 12505, 100, 0, 0, 24),
(300006, 12522, 400, 0, 0, 30),
(300006, 12523, 650, 0, 0, 36),
(300006, 12524, 900, 0, 0, 42),
(300006, 12525, 1400, 0, 0, 48),
(300006, 12526, 1800, 0, 0, 54),
(300006, 12824, 2000, 0, 0, 20),
(300006, 12825, 15000, 0, 0, 40),
(300006, 12826, 42000, 0, 0, 60),
(300006, 13018, 400, 0, 0, 36),
(300006, 13019, 1148, 0, 0, 44),
(300006, 13020, 1748, 0, 0, 52),
(300006, 13021, 2100, 0, 0, 60),
(300006, 13031, 1700, 0, 0, 46),
(300006, 13032, 1748, 0, 0, 52),
(300006, 13033, 2000, 0, 0, 58),
(300006, 18809, 2100, 0, 0, 60),
(300006, 22782, 1400, 0, 0, 46),
(300006, 22783, 40000, 0, 0, 58),
(300006, 23028, 38000, 0, 0, 56),
(300006, 25304, 42000, 0, 0, 60),
(300006, 25306, 42000, 0, 0, 62),
(300006, 25345, 42000, 0, 0, 60),
(300006, 27070, 78000, 0, 0, 66),
(300006, 27071, 57000, 0, 0, 63),
(300006, 27072, 110000, 0, 0, 69),
(300006, 27073, 70000, 0, 0, 65),
(300006, 27074, 120000, 0, 0, 70),
(300006, 27075, 57000, 0, 0, 63),
(300006, 27078, 46000, 0, 0, 61),
(300006, 27079, 120000, 0, 0, 70),
(300006, 27080, 51000, 0, 0, 62),
(300006, 27082, 120000, 0, 0, 70),
(300006, 27085, 96000, 0, 0, 68),
(300006, 27086, 63000, 0, 0, 64),
(300006, 27087, 70000, 0, 0, 65),
(300006, 27088, 87000, 0, 0, 67),
(300006, 27090, 150000, 0, 0, 70),
(300006, 27101, 96000, 0, 0, 68),
(300006, 27124, 110000, 0, 0, 69),
(300006, 27125, 110000, 0, 0, 69),
(300006, 27126, 120000, 0, 0, 70),
(300006, 27127, 100000, 0, 0, 70),
(300006, 27128, 110000, 0, 0, 69),
(300006, 27130, 57000, 0, 0, 63),
(300006, 27131, 96000, 0, 0, 68),
(300006, 27132, 3900, 0, 0, 66),
(300006, 27133, 3500, 0, 0, 65),
(300006, 27134, 2500, 0, 0, 64),
(300006, 28609, 42000, 0, 0, 60),
(300006, 28612, 42000, 0, 0, 60),
(300006, 30449, 120000, 0, 0, 70),
(300006, 30451, 63000, 0, 0, 64),
(300006, 30455, 78000, 0, 0, 66),
(300006, 30482, 51000, 0, 0, 62),
(300006, 32796, 120000, 0, 0, 70),
(300006, 33041, 1900, 0, 0, 56),
(300006, 33042, 2200, 0, 0, 64),
(300006, 33043, 2500, 0, 0, 70),
(300006, 33405, 6000, 0, 0, 70),
(300006, 33717, 150000, 0, 0, 70),
(300006, 33933, 6000, 0, 0, 70),
(300006, 33938, 7500, 0, 0, 70),
(300006, 33944, 100000, 0, 0, 67),
(300006, 33946, 110000, 0, 0, 69),
(300006, 37420, 70000, 0, 0, 65),
(300006, 38692, 150000, 0, 0, 70),
(300006, 38697, 150000, 0, 0, 70),
(300006, 38699, 87000, 0, 0, 69),
(300006, 38704, 100000, 0, 0, 70),
(300006, 42832, 150000, 0, 0, 74),
(300006, 42833, 150000, 0, 0, 78),
(300006, 42841, 150000, 0, 0, 75),
(300006, 42842, 150000, 0, 0, 79),
(300006, 42843, 150000, 0, 0, 75),
(300006, 42846, 150000, 0, 0, 79),
(300006, 42858, 150000, 0, 0, 73),
(300006, 42859, 150000, 0, 0, 78),
(300006, 42872, 150000, 0, 0, 74),
(300006, 42873, 150000, 0, 0, 80),
(300006, 42890, 7500, 0, 0, 73),
(300006, 42891, 7500, 0, 0, 77),
(300006, 42894, 150000, 0, 0, 71),
(300006, 42896, 150000, 0, 0, 76),
(300006, 42897, 150000, 0, 0, 80),
(300006, 42913, 150000, 0, 0, 72),
(300006, 42914, 150000, 0, 0, 78),
(300006, 42917, 150000, 0, 0, 75),
(300006, 42920, 150000, 0, 0, 76),
(300006, 42921, 150000, 0, 0, 80),
(300006, 42925, 150000, 0, 0, 72),
(300006, 42926, 150000, 0, 0, 79),
(300006, 42930, 150000, 0, 0, 72),
(300006, 42931, 150000, 0, 0, 79),
(300006, 42939, 150000, 0, 0, 74),
(300006, 42940, 150000, 0, 0, 80),
(300006, 42944, 7500, 0, 0, 75),
(300006, 42945, 7500, 0, 0, 80),
(300006, 42949, 7500, 0, 0, 75),
(300006, 42950, 7500, 0, 0, 80),
(300006, 42955, 150000, 0, 0, 75),
(300006, 42956, 150000, 0, 0, 80),
(300006, 42985, 150000, 0, 0, 77),
(300006, 42995, 150000, 0, 0, 80),
(300006, 43002, 150000, 0, 0, 80),
(300006, 43008, 150000, 0, 0, 79),
(300006, 43010, 150000, 0, 0, 78),
(300006, 43012, 150000, 0, 0, 79),
(300006, 43015, 150000, 0, 0, 76),
(300006, 43017, 150000, 0, 0, 77),
(300006, 43019, 150000, 0, 0, 73),
(300006, 43020, 150000, 0, 0, 79),
(300006, 43023, 150000, 0, 0, 71),
(300006, 43024, 150000, 0, 0, 79),
(300006, 43038, 7500, 0, 0, 75),
(300006, 43039, 7500, 0, 0, 80),
(300006, 43045, 150000, 0, 0, 71),
(300006, 43046, 150000, 0, 0, 79),
(300006, 43987, 120000, 0, 0, 70),
(300006, 44614, 150000, 0, 0, 75),
(300006, 44780, 10000, 0, 0, 70),
(300006, 44781, 15000, 0, 0, 80),
(300006, 45438, 8000, 0, 0, 30),
(300006, 47610, 150000, 0, 0, 80),
(300006, 55342, 150000, 0, 0, 80),
(300006, 55359, 5000, 0, 0, 70),
(300006, 55360, 7500, 0, 0, 80),
(300006, 58659, 150000, 0, 0, 80),
(300007, 131, 3000, 0, 0, 22),
(300007, 324, 100, 0, 0, 8),
(300007, 325, 1800, 0, 0, 16),
(300007, 332, 100, 0, 0, 6),
(300007, 370, 800, 0, 0, 12),
(300007, 421, 8000, 0, 0, 32),
(300007, 526, 1800, 0, 0, 16),
(300007, 528, 1200, 0, 0, 14),
(300007, 529, 100, 0, 0, 8),
(300007, 546, 6000, 0, 0, 28),
(300007, 547, 800, 0, 0, 12),
(300007, 548, 900, 0, 0, 14),
(300007, 556, 7000, 0, 0, 30),
(300007, 905, 3500, 0, 0, 24),
(300007, 913, 2000, 0, 0, 18),
(300007, 915, 2200, 0, 0, 20),
(300007, 930, 12000, 0, 0, 40),
(300007, 939, 3500, 0, 0, 24),
(300007, 943, 4000, 0, 0, 26),
(300007, 945, 8000, 0, 0, 32),
(300007, 959, 8000, 0, 0, 32),
(300007, 1064, 12000, 0, 0, 40),
(300007, 1535, 800, 0, 0, 12),
(300007, 2008, 800, 0, 0, 12),
(300007, 2062, 58000, 0, 0, 66),
(300007, 2484, 100, 0, 0, 6),
(300007, 2645, 2200, 0, 0, 16),
(300007, 2825, 88000, 0, 0, 70),
(300007, 2860, 22000, 0, 0, 48),
(300007, 2894, 71000, 0, 0, 68),
(300007, 3738, 47000, 0, 0, 64),
(300007, 5675, 4000, 0, 0, 26),
(300007, 5730, 100, 0, 0, 8),
(300007, 6041, 8000, 0, 0, 32),
(300007, 6196, 4000, 0, 0, 26),
(300007, 6363, 2200, 0, 0, 20),
(300007, 6364, 7000, 0, 0, 30),
(300007, 6365, 12000, 0, 0, 40),
(300007, 6375, 7000, 0, 0, 30),
(300007, 6377, 12000, 0, 0, 40),
(300007, 6390, 2000, 0, 0, 18),
(300007, 6391, 6000, 0, 0, 28),
(300007, 6392, 11000, 0, 0, 38),
(300007, 6495, 9000, 0, 0, 34),
(300007, 8004, 2200, 0, 0, 20),
(300007, 8005, 12000, 0, 0, 40),
(300007, 8008, 6000, 0, 0, 28),
(300007, 8010, 10000, 0, 0, 36),
(300007, 8012, 8000, 0, 0, 32),
(300007, 8017, 10, 0, 0, 0),
(300007, 8018, 100, 0, 0, 8),
(300007, 8019, 1800, 0, 0, 16),
(300007, 8024, 400, 0, 0, 10),
(300007, 8027, 2000, 0, 0, 18),
(300007, 8030, 4000, 0, 0, 26),
(300007, 8033, 2200, 0, 0, 20),
(300007, 8038, 6000, 0, 0, 28),
(300007, 8042, 100, 0, 0, 4),
(300007, 8044, 100, 0, 0, 8),
(300007, 8045, 900, 0, 0, 14),
(300007, 8046, 3500, 0, 0, 24),
(300007, 8050, 400, 0, 0, 10),
(300007, 8052, 2000, 0, 0, 18),
(300007, 8053, 6000, 0, 0, 28),
(300007, 8056, 2200, 0, 0, 20),
(300007, 8058, 9000, 0, 0, 34),
(300007, 8075, 400, 0, 0, 10),
(300007, 8134, 12000, 0, 0, 40),
(300007, 8143, 2000, 0, 0, 18),
(300007, 8154, 900, 0, 0, 14),
(300007, 8155, 3500, 0, 0, 24),
(300007, 8160, 3500, 0, 0, 24),
(300007, 8161, 11000, 0, 0, 38),
(300007, 8170, 11000, 0, 0, 38),
(300007, 8177, 7000, 0, 0, 30),
(300007, 8181, 3500, 0, 0, 24),
(300007, 8184, 6000, 0, 0, 28),
(300007, 8190, 4000, 0, 0, 26),
(300007, 8227, 6000, 0, 0, 28),
(300007, 8232, 7000, 0, 0, 30),
(300007, 8235, 12000, 0, 0, 40),
(300007, 8249, 11000, 0, 0, 38),
(300007, 8498, 3000, 0, 0, 22),
(300007, 8499, 8000, 0, 0, 32),
(300007, 8512, 8000, 0, 0, 32),
(300007, 8737, 12000, 0, 0, 40),
(300007, 10391, 11000, 0, 0, 38),
(300007, 10392, 18000, 0, 0, 44),
(300007, 10395, 22000, 0, 0, 48),
(300007, 10396, 30000, 0, 0, 56),
(300007, 10399, 3500, 0, 0, 24),
(300007, 10406, 9000, 0, 0, 34),
(300007, 10407, 18000, 0, 0, 44),
(300007, 10408, 29000, 0, 0, 54),
(300007, 10412, 10000, 0, 0, 36),
(300007, 10413, 22000, 0, 0, 48),
(300007, 10414, 34000, 0, 0, 60),
(300007, 10427, 22000, 0, 0, 48),
(300007, 10428, 32000, 0, 0, 58),
(300007, 10431, 22000, 0, 0, 48),
(300007, 10432, 30000, 0, 0, 56),
(300007, 10437, 24000, 0, 0, 50),
(300007, 10438, 34000, 0, 0, 60),
(300007, 10442, 27000, 0, 0, 52),
(300007, 10447, 12000, 0, 0, 40),
(300007, 10448, 27000, 0, 0, 52),
(300007, 10456, 11000, 0, 0, 38),
(300007, 10462, 24000, 0, 0, 50),
(300007, 10463, 34000, 0, 0, 60),
(300007, 10466, 18000, 0, 0, 44),
(300007, 10467, 27000, 0, 0, 52),
(300007, 10468, 34000, 0, 0, 60),
(300007, 10472, 20000, 0, 0, 46),
(300007, 10473, 32000, 0, 0, 58),
(300007, 10478, 11000, 0, 0, 38),
(300007, 10479, 29000, 0, 0, 54),
(300007, 10486, 24000, 0, 0, 50),
(300007, 10495, 10000, 0, 0, 36),
(300007, 10496, 20000, 0, 0, 46),
(300007, 10497, 30000, 0, 0, 56),
(300007, 10526, 22000, 0, 0, 48),
(300007, 10537, 16000, 0, 0, 42),
(300007, 10538, 32000, 0, 0, 58),
(300007, 10585, 10000, 0, 0, 36),
(300007, 10586, 20000, 0, 0, 46),
(300007, 10587, 30000, 0, 0, 56),
(300007, 10595, 7000, 0, 0, 30),
(300007, 10600, 18000, 0, 0, 44),
(300007, 10601, 34000, 0, 0, 60),
(300007, 10605, 30000, 0, 0, 56),
(300007, 10622, 20000, 0, 0, 46),
(300007, 10623, 29000, 0, 0, 54),
(300007, 11314, 16000, 0, 0, 42),
(300007, 11315, 27000, 0, 0, 52),
(300007, 15207, 24000, 0, 0, 50),
(300007, 15208, 30000, 0, 0, 56),
(300007, 16339, 10000, 0, 0, 36),
(300007, 16341, 20000, 0, 0, 46),
(300007, 16342, 30000, 0, 0, 56),
(300007, 16355, 22000, 0, 0, 48),
(300007, 16356, 32000, 0, 0, 58),
(300007, 16362, 34000, 0, 0, 60),
(300007, 16387, 32000, 0, 0, 58),
(300007, 20608, 7000, 0, 0, 30),
(300007, 20609, 3500, 0, 0, 24),
(300007, 20610, 10000, 0, 0, 36),
(300007, 20776, 22000, 0, 0, 48),
(300007, 20777, 34000, 0, 0, 60),
(300007, 24398, 38000, 0, 0, 62),
(300007, 25357, 6500, 0, 0, 60),
(300007, 25361, 34000, 0, 0, 60),
(300007, 25391, 42000, 0, 0, 63),
(300007, 25396, 88000, 0, 0, 70),
(300007, 25420, 58000, 0, 0, 66),
(300007, 25422, 34000, 0, 0, 61),
(300007, 25423, 71000, 0, 0, 68),
(300007, 25439, 42000, 0, 0, 63),
(300007, 25442, 88000, 0, 0, 70),
(300007, 25448, 38000, 0, 0, 62),
(300007, 25449, 64000, 0, 0, 67),
(300007, 25454, 79000, 0, 0, 69),
(300007, 25457, 88000, 0, 0, 70),
(300007, 25464, 71000, 0, 0, 68),
(300007, 25469, 42000, 0, 0, 63),
(300007, 25472, 88000, 0, 0, 70),
(300007, 25489, 47000, 0, 0, 64),
(300007, 25500, 58000, 0, 0, 66),
(300007, 25505, 71000, 0, 0, 68),
(300007, 25508, 42000, 0, 0, 63),
(300007, 25509, 88000, 0, 0, 70),
(300007, 25525, 64000, 0, 0, 67),
(300007, 25528, 52000, 0, 0, 65),
(300007, 25533, 79000, 0, 0, 69),
(300007, 25546, 34000, 0, 0, 61),
(300007, 25547, 88000, 0, 0, 70),
(300007, 25552, 52000, 0, 0, 65),
(300007, 25557, 64000, 0, 0, 67),
(300007, 25560, 64000, 0, 0, 67),
(300007, 25563, 71000, 0, 0, 68),
(300007, 25567, 79000, 0, 0, 69),
(300007, 25570, 52000, 0, 0, 65),
(300007, 25574, 79000, 0, 0, 69),
(300007, 25590, 79000, 0, 0, 69),
(300007, 29228, 65000, 0, 0, 60),
(300007, 32593, 1700, 0, 0, 60),
(300007, 32594, 5000, 0, 0, 70),
(300007, 33736, 79000, 0, 0, 69),
(300007, 36936, 7000, 0, 0, 30),
(300007, 49230, 180000, 0, 0, 74),
(300007, 49231, 180000, 0, 0, 79),
(300007, 49232, 180000, 0, 0, 75),
(300007, 49233, 180000, 0, 0, 80),
(300007, 49235, 180000, 0, 0, 73),
(300007, 49236, 180000, 0, 0, 78),
(300007, 49237, 180000, 0, 0, 73),
(300007, 49238, 180000, 0, 0, 79),
(300007, 49270, 180000, 0, 0, 74),
(300007, 49271, 180000, 0, 0, 80),
(300007, 49272, 180000, 0, 0, 75),
(300007, 49273, 180000, 0, 0, 80),
(300007, 49275, 180000, 0, 0, 72),
(300007, 49276, 180000, 0, 0, 77),
(300007, 49277, 180000, 0, 0, 80),
(300007, 49280, 180000, 0, 0, 75),
(300007, 49281, 180000, 0, 0, 80),
(300007, 49283, 9000, 0, 0, 75),
(300007, 49284, 9000, 0, 0, 80),
(300007, 51505, 180000, 0, 0, 75),
(300007, 51514, 180000, 0, 0, 80),
(300007, 51730, 7000, 0, 0, 30),
(300007, 51988, 12000, 0, 0, 40),
(300007, 51991, 24000, 0, 0, 50),
(300007, 51992, 34000, 0, 0, 60),
(300007, 51993, 71000, 0, 0, 70),
(300007, 51994, 180000, 0, 0, 80),
(300007, 52127, 2200, 0, 0, 20),
(300007, 52129, 6000, 0, 0, 28),
(300007, 52131, 9000, 0, 0, 34),
(300007, 52134, 12000, 0, 0, 41),
(300007, 52136, 22000, 0, 0, 48),
(300007, 52138, 29000, 0, 0, 55),
(300007, 55458, 180000, 0, 0, 74),
(300007, 55459, 180000, 0, 0, 80),
(300007, 57622, 180000, 0, 0, 75),
(300007, 57720, 3400, 0, 0, 60),
(300007, 57721, 5200, 0, 0, 70),
(300007, 57722, 10000, 0, 0, 80),
(300007, 57960, 180000, 0, 0, 76),
(300007, 57994, 2500, 0, 0, 16),
(300007, 58580, 180000, 0, 0, 71),
(300007, 58581, 180000, 0, 0, 75),
(300007, 58582, 180000, 0, 0, 78),
(300007, 58643, 180000, 0, 0, 80),
(300007, 58649, 180000, 0, 0, 71),
(300007, 58652, 180000, 0, 0, 75),
(300007, 58656, 180000, 0, 0, 80),
(300007, 58699, 180000, 0, 0, 71),
(300007, 58703, 180000, 0, 0, 75),
(300007, 58704, 180000, 0, 0, 80),
(300007, 58731, 180000, 0, 0, 73),
(300007, 58734, 180000, 0, 0, 78),
(300007, 58737, 180000, 0, 0, 75),
(300007, 58739, 180000, 0, 0, 80),
(300007, 58741, 180000, 0, 0, 75),
(300007, 58745, 180000, 0, 0, 80),
(300007, 58746, 180000, 0, 0, 75),
(300007, 58749, 180000, 0, 0, 80),
(300007, 58751, 180000, 0, 0, 73),
(300007, 58753, 180000, 0, 0, 78),
(300007, 58755, 180000, 0, 0, 71),
(300007, 58756, 180000, 0, 0, 76),
(300007, 58757, 180000, 0, 0, 80),
(300007, 58771, 180000, 0, 0, 71),
(300007, 58773, 180000, 0, 0, 76),
(300007, 58774, 180000, 0, 0, 80),
(300007, 58785, 180000, 0, 0, 71),
(300007, 58789, 180000, 0, 0, 76),
(300007, 58790, 180000, 0, 0, 80),
(300007, 58794, 180000, 0, 0, 71),
(300007, 58795, 180000, 0, 0, 76),
(300007, 58796, 180000, 0, 0, 80),
(300007, 58801, 180000, 0, 0, 71),
(300007, 58803, 180000, 0, 0, 76),
(300007, 58804, 180000, 0, 0, 80),
(300007, 59156, 88000, 0, 0, 70),
(300007, 59158, 180000, 0, 0, 75),
(300007, 59159, 180000, 0, 0, 80),
(300007, 60043, 180000, 0, 0, 80),
(300007, 61299, 9000, 0, 0, 70),
(300007, 61300, 9000, 0, 0, 75),
(300007, 61301, 9000, 0, 0, 80),
(300007, 61649, 180000, 0, 0, 75),
(300007, 61657, 180000, 0, 0, 80),
(300007, 66842, 7000, 0, 0, 30),
(300007, 66843, 7000, 0, 0, 40),
(300007, 66844, 7000, 0, 0, 50),
(300008, 53, 100, 0, 0, 4),
(300008, 408, 10000, 0, 0, 30),
(300008, 674, 300, 0, 0, 10),
(300008, 703, 1200, 0, 0, 14),
(300008, 921, 100, 0, 0, 4),
(300008, 1725, 4000, 0, 0, 22),
(300008, 1757, 100, 0, 0, 6),
(300008, 1758, 1200, 0, 0, 14),
(300008, 1759, 4000, 0, 0, 22),
(300008, 1760, 10000, 0, 0, 30),
(300008, 1766, 800, 0, 0, 12),
(300008, 1776, 100, 0, 0, 6),
(300008, 1784, 10, 0, 0, 1),
(300008, 1785, 3000, 0, 0, 20),
(300008, 1786, 20000, 0, 0, 40),
(300008, 1787, 54000, 0, 0, 60),
(300008, 1804, 1800, 0, 0, 16),
(300008, 1833, 6000, 0, 0, 26),
(300008, 1842, 10000, 0, 0, 30),
(300008, 1856, 4000, 0, 0, 22),
(300008, 1857, 27000, 0, 0, 42),
(300008, 1860, 20000, 0, 0, 40),
(300008, 1943, 3000, 0, 0, 20),
(300008, 1966, 1800, 0, 0, 16),
(300008, 2070, 8000, 0, 0, 28),
(300008, 2094, 14000, 0, 0, 34),
(300008, 2589, 800, 0, 0, 12),
(300008, 2590, 3000, 0, 0, 20),
(300008, 2591, 8000, 0, 0, 28),
(300008, 2836, 5000, 0, 0, 24),
(300008, 2983, 300, 0, 0, 10),
(300008, 3127, 800, 0, 0, 12),
(300008, 5171, 300, 0, 0, 10),
(300008, 5277, 200, 0, 0, 8),
(300008, 5938, 100000, 0, 0, 70),
(300008, 6760, 200, 0, 0, 8),
(300008, 6761, 1800, 0, 0, 16),
(300008, 6762, 5000, 0, 0, 24),
(300008, 6768, 8000, 0, 0, 28),
(300008, 6770, 300, 0, 0, 10),
(300008, 6774, 27000, 0, 0, 42),
(300008, 8621, 18000, 0, 0, 38),
(300008, 8623, 12000, 0, 0, 32),
(300008, 8624, 20000, 0, 0, 40),
(300008, 8631, 4000, 0, 0, 22),
(300008, 8632, 10000, 0, 0, 30),
(300008, 8633, 18000, 0, 0, 38),
(300008, 8637, 20000, 0, 0, 40),
(300008, 8639, 8000, 0, 0, 28),
(300008, 8640, 16000, 0, 0, 36),
(300008, 8643, 35000, 0, 0, 50),
(300008, 8647, 1200, 0, 0, 14),
(300008, 8676, 2900, 0, 0, 18),
(300008, 8696, 14000, 0, 0, 34),
(300008, 8721, 16000, 0, 0, 36),
(300008, 8724, 6000, 0, 0, 26),
(300008, 8725, 14000, 0, 0, 34),
(300008, 11267, 27000, 0, 0, 42),
(300008, 11268, 35000, 0, 0, 50),
(300008, 11269, 52000, 0, 0, 58),
(300008, 11273, 29000, 0, 0, 44),
(300008, 11274, 46000, 0, 0, 52),
(300008, 11275, 54000, 0, 0, 60),
(300008, 11279, 29000, 0, 0, 44),
(300008, 11280, 46000, 0, 0, 52),
(300008, 11281, 54000, 0, 0, 60),
(300008, 11289, 31000, 0, 0, 46),
(300008, 11290, 48000, 0, 0, 54),
(300008, 11293, 31000, 0, 0, 46),
(300008, 11294, 48000, 0, 0, 54),
(300008, 11297, 33000, 0, 0, 48),
(300008, 11299, 33000, 0, 0, 48),
(300008, 11300, 50000, 0, 0, 56),
(300008, 11303, 46000, 0, 0, 52),
(300008, 11305, 52000, 0, 0, 58),
(300008, 17347, 384, 0, 0, 46),
(300008, 17348, 650, 0, 0, 58),
(300008, 25300, 72000, 0, 0, 60),
(300008, 25302, 50000, 0, 0, 60),
(300008, 26669, 35000, 0, 0, 50),
(300008, 26679, 72000, 0, 0, 64),
(300008, 26839, 50000, 0, 0, 61),
(300008, 26861, 50000, 0, 0, 62),
(300008, 26862, 100000, 0, 0, 70),
(300008, 26863, 110000, 0, 0, 68),
(300008, 26864, 2700, 0, 0, 70),
(300008, 26865, 140000, 0, 0, 64),
(300008, 26867, 120000, 0, 0, 68),
(300008, 26884, 100000, 0, 0, 70),
(300008, 26889, 59000, 0, 0, 62),
(300008, 27441, 80000, 0, 0, 66),
(300008, 27448, 72000, 0, 0, 64),
(300008, 31016, 65000, 0, 0, 60),
(300008, 31224, 89000, 0, 0, 66),
(300008, 32645, 59000, 0, 0, 62),
(300008, 32684, 100000, 0, 0, 69),
(300008, 34411, 5500, 0, 0, 50),
(300008, 34412, 6500, 0, 0, 60),
(300008, 34413, 7500, 0, 0, 70),
(300008, 48637, 300000, 0, 0, 76),
(300008, 48638, 300000, 0, 0, 80),
(300008, 48656, 300000, 0, 0, 74),
(300008, 48657, 300000, 0, 0, 80),
(300008, 48658, 300000, 0, 0, 72),
(300008, 48659, 300000, 0, 0, 78),
(300008, 48660, 15000, 0, 0, 80),
(300008, 48663, 15000, 0, 0, 75),
(300008, 48666, 15000, 0, 0, 80),
(300008, 48667, 300000, 0, 0, 73),
(300008, 48668, 300000, 0, 0, 79),
(300008, 48671, 300000, 0, 0, 74),
(300008, 48672, 300000, 0, 0, 79),
(300008, 48673, 100000, 0, 0, 70),
(300008, 48674, 300000, 0, 0, 76),
(300008, 48675, 300000, 0, 0, 75),
(300008, 48676, 300000, 0, 0, 80),
(300008, 48689, 140000, 0, 0, 70),
(300008, 48690, 300000, 0, 0, 75),
(300008, 48691, 300000, 0, 0, 80),
(300008, 51722, 3000, 0, 0, 20),
(300008, 51723, 300000, 0, 0, 80),
(300008, 51724, 300000, 0, 0, 71),
(300008, 57934, 300000, 0, 0, 75),
(300008, 57992, 300000, 0, 0, 74),
(300008, 57993, 300000, 0, 0, 80),
(300009, 465, 10, 0, 0, 1),
(300009, 498, 100, 0, 0, 6),
(300009, 633, 300, 0, 0, 10),
(300009, 639, 100, 0, 0, 6),
(300009, 642, 13000, 0, 0, 34),
(300009, 643, 4000, 0, 0, 20),
(300009, 647, 2000, 0, 0, 14),
(300009, 750, 20000, 0, 0, 40),
(300009, 853, 100, 0, 0, 8),
(300009, 879, 4000, 0, 0, 20),
(300009, 1022, 300, 0, 0, 10),
(300009, 1026, 4000, 0, 0, 22),
(300009, 1032, 20000, 0, 0, 40),
(300009, 1038, 6000, 0, 0, 26),
(300009, 1042, 11000, 0, 0, 30),
(300009, 1044, 3500, 0, 0, 18),
(300009, 1152, 100, 0, 0, 8),
(300009, 2800, 11000, 0, 0, 30),
(300009, 2812, 28000, 0, 0, 50),
(300009, 3127, 100, 0, 0, 8),
(300009, 3472, 16000, 0, 0, 38),
(300009, 4987, 21000, 0, 0, 42),
(300009, 5502, 4000, 0, 0, 20),
(300009, 5588, 5000, 0, 0, 24),
(300009, 5589, 20000, 0, 0, 40),
(300009, 5599, 5000, 0, 0, 24),
(300009, 5614, 9000, 0, 0, 28),
(300009, 5615, 14000, 0, 0, 36),
(300009, 6940, 24000, 0, 0, 46),
(300009, 7294, 3000, 0, 0, 16),
(300009, 10278, 16000, 0, 0, 38),
(300009, 10290, 300, 0, 0, 10),
(300009, 10291, 11000, 0, 0, 30),
(300009, 10292, 28000, 0, 0, 50),
(300009, 10293, 46000, 0, 0, 60),
(300009, 10298, 6000, 0, 0, 26),
(300009, 10299, 14000, 0, 0, 36),
(300009, 10300, 24000, 0, 0, 46),
(300009, 10301, 42000, 0, 0, 56),
(300009, 10308, 40000, 0, 0, 54),
(300009, 10310, 28000, 0, 0, 50),
(300009, 10312, 22000, 0, 0, 44),
(300009, 10313, 34000, 0, 0, 52),
(300009, 10314, 46000, 0, 0, 60),
(300009, 10318, 46000, 0, 0, 60),
(300009, 10322, 5000, 0, 0, 24),
(300009, 10324, 14000, 0, 0, 36),
(300009, 10326, 5000, 0, 0, 24),
(300009, 10328, 24000, 0, 0, 46),
(300009, 10329, 40000, 0, 0, 54),
(300009, 13820, 3500, 0, 0, 20),
(300009, 19740, 100, 0, 0, 4),
(300009, 19742, 2000, 0, 0, 14),
(300009, 19746, 4000, 0, 0, 22),
(300009, 19750, 4000, 0, 0, 20),
(300009, 19752, 11000, 0, 0, 30),
(300009, 19834, 1000, 0, 0, 12),
(300009, 19835, 4000, 0, 0, 22),
(300009, 19836, 12000, 0, 0, 32),
(300009, 19837, 21000, 0, 0, 42),
(300009, 19838, 34000, 0, 0, 52),
(300009, 19850, 5000, 0, 0, 24),
(300009, 19852, 13000, 0, 0, 34),
(300009, 19853, 22000, 0, 0, 44),
(300009, 19854, 40000, 0, 0, 54),
(300009, 19876, 9000, 0, 0, 28),
(300009, 19888, 12000, 0, 0, 32),
(300009, 19891, 14000, 0, 0, 36),
(300009, 19895, 20000, 0, 0, 40),
(300009, 19896, 34000, 0, 0, 52),
(300009, 19897, 22000, 0, 0, 44),
(300009, 19898, 42000, 0, 0, 56),
(300009, 19899, 26000, 0, 0, 48),
(300009, 19900, 46000, 0, 0, 60),
(300009, 19939, 6000, 0, 0, 26),
(300009, 19940, 13000, 0, 0, 34),
(300009, 19941, 21000, 0, 0, 42),
(300009, 19942, 28000, 0, 0, 50),
(300009, 19943, 44000, 0, 0, 58),
(300009, 20116, 11000, 0, 0, 30),
(300009, 20164, 4000, 0, 0, 22),
(300009, 20165, 11000, 0, 0, 30),
(300009, 20166, 16000, 0, 0, 38),
(300009, 20217, 4000, 0, 0, 20),
(300009, 20271, 100, 0, 0, 4),
(300009, 20772, 26000, 0, 0, 48),
(300009, 20773, 46000, 0, 0, 60),
(300009, 20922, 20000, 0, 0, 40),
(300009, 20923, 28000, 0, 0, 50),
(300009, 20924, 46000, 0, 0, 60),
(300009, 20927, 1400, 0, 0, 50),
(300009, 20928, 2300, 0, 0, 60),
(300009, 20929, 1300, 0, 0, 48),
(300009, 20930, 2100, 0, 0, 56),
(300009, 23214, 20000, 0, 0, 40),
(300009, 24239, 46000, 0, 0, 60),
(300009, 24274, 34000, 0, 0, 52),
(300009, 24275, 22000, 0, 0, 44),
(300009, 25290, 50000, 0, 0, 60),
(300009, 25291, 50000, 0, 0, 60),
(300009, 25292, 46000, 0, 0, 60),
(300009, 25780, 3000, 0, 0, 16),
(300009, 25782, 46000, 0, 0, 52),
(300009, 25894, 46000, 0, 0, 54),
(300009, 25898, 2300, 0, 0, 60),
(300009, 25899, 2300, 0, 0, 60),
(300009, 25916, 46000, 0, 0, 60),
(300009, 25918, 46000, 0, 0, 60),
(300009, 26573, 4000, 0, 0, 20),
(300009, 27135, 55000, 0, 0, 62),
(300009, 27136, 130000, 0, 0, 70),
(300009, 27137, 83000, 0, 0, 66),
(300009, 27138, 100000, 0, 0, 68),
(300009, 27139, 110000, 0, 0, 69),
(300009, 27140, 200000, 0, 0, 70),
(300009, 27141, 100000, 0, 0, 70),
(300009, 27142, 75000, 0, 0, 65),
(300009, 27143, 75000, 0, 0, 65),
(300009, 27149, 130000, 0, 0, 70),
(300009, 27150, 83000, 0, 0, 66),
(300009, 27151, 61000, 0, 0, 63),
(300009, 27152, 100000, 0, 0, 68),
(300009, 27153, 130000, 0, 0, 70),
(300009, 27154, 110000, 0, 0, 69),
(300009, 27173, 130000, 0, 0, 70),
(300009, 27174, 3348, 0, 0, 64),
(300009, 27179, 6500, 0, 0, 70),
(300009, 27180, 100000, 0, 0, 68),
(300009, 31789, 4000, 0, 0, 14),
(300009, 31801, 67000, 0, 0, 64),
(300009, 31884, 130000, 0, 0, 70),
(300009, 32223, 55000, 0, 0, 62),
(300009, 32699, 2300, 0, 0, 60),
(300009, 32700, 5000, 0, 0, 70),
(300009, 33072, 6500, 0, 0, 70),
(300009, 48781, 200000, 0, 0, 75),
(300009, 48782, 200000, 0, 0, 80),
(300009, 48784, 200000, 0, 0, 74),
(300009, 48785, 200000, 0, 0, 79),
(300009, 48788, 200000, 0, 0, 78),
(300009, 48800, 200000, 0, 0, 73),
(300009, 48801, 200000, 0, 0, 79),
(300009, 48805, 200000, 0, 0, 74),
(300009, 48806, 200000, 0, 0, 80),
(300009, 48816, 200000, 0, 0, 72),
(300009, 48817, 200000, 0, 0, 78),
(300009, 48818, 200000, 0, 0, 75),
(300009, 48819, 200000, 0, 0, 80),
(300009, 48824, 10000, 0, 0, 75),
(300009, 48825, 10000, 0, 0, 80),
(300009, 48826, 10000, 0, 0, 75),
(300009, 48827, 10000, 0, 0, 80),
(300009, 48931, 200000, 0, 0, 73),
(300009, 48932, 200000, 0, 0, 79),
(300009, 48933, 200000, 0, 0, 73),
(300009, 48934, 200000, 0, 0, 79),
(300009, 48935, 200000, 0, 0, 71),
(300009, 48936, 200000, 0, 0, 77),
(300009, 48937, 200000, 0, 0, 71),
(300009, 48938, 200000, 0, 0, 77),
(300009, 48941, 200000, 0, 0, 74),
(300009, 48942, 200000, 0, 0, 79),
(300009, 48943, 200000, 0, 0, 76),
(300009, 48945, 200000, 0, 0, 77),
(300009, 48947, 200000, 0, 0, 78),
(300009, 48949, 200000, 0, 0, 72),
(300009, 48950, 200000, 0, 0, 79),
(300009, 48951, 10000, 0, 0, 75),
(300009, 48952, 10000, 0, 0, 80),
(300009, 53407, 9000, 0, 0, 28),
(300009, 53408, 1000, 0, 0, 12),
(300009, 53600, 200000, 0, 0, 75),
(300009, 53601, 100000, 0, 0, 80),
(300009, 53720, 100000, 0, 0, 66),
(300009, 54043, 200000, 0, 0, 76),
(300009, 54428, 100000, 0, 0, 71),
(300009, 61411, 200000, 0, 0, 80),
(300009, 62124, 3000, 0, 0, 16),
(300010, 3714, 61000, 0, 0, 61),
(300010, 42650, 360000, 0, 0, 80),
(300010, 43265, 6000, 0, 0, 60),
(300010, 45463, 63000, 0, 0, 70),
(300010, 45524, 5800, 0, 0, 58),
(300010, 45529, 64000, 0, 0, 64),
(300010, 46584, 5600, 0, 0, 56),
(300010, 47476, 5900, 0, 0, 59),
(300010, 47528, 5700, 0, 0, 57),
(300010, 47568, 360000, 0, 0, 75),
(300010, 48263, 5700, 0, 0, 57),
(300010, 48265, 360000, 0, 0, 70),
(300010, 48707, 68000, 0, 0, 68),
(300010, 48721, 5800, 0, 0, 58),
(300010, 48743, 66000, 0, 0, 66),
(300010, 48792, 62000, 0, 0, 62),
(300010, 49020, 61000, 0, 0, 61),
(300010, 49892, 59000, 0, 0, 62),
(300010, 49893, 68000, 0, 0, 68),
(300010, 49894, 360000, 0, 0, 76),
(300010, 49895, 360000, 0, 0, 80),
(300010, 49896, 61000, 0, 0, 61),
(300010, 49903, 67000, 0, 0, 67),
(300010, 49904, 360000, 0, 0, 73),
(300010, 49909, 360000, 0, 0, 78),
(300010, 49913, 65000, 0, 0, 65),
(300010, 49914, 69000, 0, 0, 69),
(300010, 49915, 360000, 0, 0, 74),
(300010, 49916, 360000, 0, 0, 79),
(300010, 49917, 5800, 0, 0, 60),
(300010, 49918, 65000, 0, 0, 65),
(300010, 49919, 360000, 0, 0, 70),
(300010, 49920, 360000, 0, 0, 75),
(300010, 49921, 360000, 0, 0, 80),
(300010, 49923, 360000, 0, 0, 75),
(300010, 49924, 360000, 0, 0, 80),
(300010, 49926, 5900, 0, 0, 59),
(300010, 49927, 64000, 0, 0, 64),
(300010, 49928, 69000, 0, 0, 69),
(300010, 49929, 360000, 0, 0, 74),
(300010, 49930, 360000, 0, 0, 80),
(300010, 49936, 68000, 0, 0, 67),
(300010, 49937, 360000, 0, 0, 73),
(300010, 49938, 360000, 0, 0, 80),
(300010, 49939, 66000, 0, 0, 66),
(300010, 49940, 360000, 0, 0, 72),
(300010, 49941, 360000, 0, 0, 78),
(300010, 49998, 5600, 0, 0, 56),
(300010, 49999, 65000, 0, 0, 63),
(300010, 50842, 5600, 0, 0, 56),
(300010, 51325, 300, 0, 0, 60),
(300010, 51326, 18000, 0, 0, 70),
(300010, 51327, 18000, 0, 0, 75),
(300010, 51328, 18000, 0, 0, 80),
(300010, 51409, 6500, 0, 0, 70),
(300010, 51410, 10000, 0, 0, 75),
(300010, 51411, 10000, 0, 0, 80),
(300010, 51416, 6200, 0, 0, 60),
(300010, 51417, 3250, 0, 0, 65),
(300010, 51418, 18000, 0, 0, 70),
(300010, 51419, 18000, 0, 0, 75),
(300010, 51423, 67000, 0, 0, 67),
(300010, 51424, 360000, 0, 0, 73),
(300010, 51425, 360000, 0, 0, 79),
(300010, 51426, 62000, 0, 0, 62),
(300010, 51427, 68000, 0, 0, 68),
(300010, 51428, 360000, 0, 0, 74),
(300010, 51429, 360000, 0, 0, 79),
(300010, 53323, 63000, 0, 0, 63),
(300010, 53331, 6000, 0, 0, 60),
(300010, 53341, 55000, 0, 0, 55),
(300010, 53342, 5700, 0, 0, 57),
(300010, 53343, 55000, 0, 0, 55),
(300010, 53344, 360000, 0, 0, 70),
(300010, 54446, 68000, 0, 0, 63),
(300010, 54447, 5700, 0, 0, 57),
(300010, 55258, 5900, 0, 0, 59),
(300010, 55259, 3200, 0, 0, 64),
(300010, 55260, 3450, 0, 0, 69),
(300010, 55261, 18000, 0, 0, 74),
(300010, 55262, 18000, 0, 0, 80),
(300010, 55265, 18000, 0, 0, 67),
(300010, 55268, 18000, 0, 0, 80),
(300010, 55270, 18000, 0, 0, 73),
(300010, 55271, 18000, 0, 0, 79),
(300010, 56222, 65000, 0, 0, 65),
(300010, 56815, 67000, 0, 0, 67),
(300010, 57330, 65000, 0, 0, 65),
(300010, 57623, 360000, 0, 0, 75),
(300010, 61999, 360000, 0, 0, 72),
(300010, 62158, 360000, 0, 0, 72),
(300010, 70164, 360000, 0, 0, 72),
(300011, 33389, 40000, 0, 0, 20),
(300011, 33392, 500000, 762, 75, 40),
(300011, 34092, 2500000, 762, 150, 60),
(300011, 34093, 50000000, 762, 225, 70),
(300011, 54197, 10000000, 762, 225, 77);
